sustained_wind_kmh,pressure_hpa,distance_to_coast_km,historical_cyclone_density,cyclone_season,label
46.3,1001.6,480.0,0.0,1,0
46.3,1001.6,524.0,0.0,1,0
46.3,1001.6,581.0,0.0,1,0
46.3,1001.6,558.0,0.0,1,0
46.3,1001.6,493.0,0.0,1,0
51.9,999.8,582.0,0.0,1,0
64.8,995.4,247.0,0.0,1,1
64.8,995.4,71.0,0.0,1,1
46.3,1001.6,33.0,0.0,1,0
46.3,1001.6,375.0,0.0,1,0
46.3,1001.6,672.0,0.0,1,0
46.3,1001.6,176.0,0.0,1,0
46.3,1001.6,269.0,0.0,1,0
51.9,999.8,452.0,0.0,1,0
55.6,998.5,461.0,0.0,1,0
61.1,996.7,637.0,0.0,1,0
64.8,995.4,655.0,0.0,1,1
64.8,995.4,461.0,0.0,1,1
37.0,1004.8,148.0,0.0,1,0
46.3,1001.6,612.0,0.0,1,0
46.3,1001.6,555.0,0.0,1,0
46.3,1001.6,514.0,0.0,1,0
55.6,998.5,719.0,0.0,1,0
64.8,995.4,462.0,0.0,1,1
64.8,995.4,86.0,1.0,1,1
27.8,1007.9,640.0,0.0,1,0
37.0,1004.0,205.0,0.0,1,0
51.9,999.8,88.0,0.0,1,0
79.6,990.5,243.0,0.0,1,1
83.3,994.0,169.0,0.99,1,1
46.3,1001.6,0.0,1.922,1,0
61.1,996.7,0.0,0.0,1,0
98.2,984.3,161.0,0.0,1,1
111.1,979.9,287.0,0.954,1,1
111.1,979.9,490.0,0.0,1,1
98.2,984.3,668.0,0.949,1,1
111.1,979.9,605.0,1.892,1,1
111.1,979.9,335.0,0.0,1,1
64.8,995.4,0.0,0.0,1,1
79.6,990.5,522.0,0.0,1,1
116.7,978.1,430.0,0.0,1,1
138.9,970.6,358.0,0.0,1,2
120.4,976.8,199.0,0.0,1,2
46.3,1001.6,610.0,0.0,1,0
61.1,996.7,706.0,0.0,1,0
79.6,990.5,535.0,0.0,1,1
125.9,975.0,380.0,0.0,1,2
138.9,970.6,331.0,0.859,1,2
111.1,979.9,119.0,0.0,1,1
51.9,999.8,194.0,0.0,1,0
70.4,993.6,123.0,0.0,1,1
129.6,973.7,230.0,0.642,1,2
203.7,948.9,396.0,0.641,1,2
222.2,942.7,222.0,0.0,1,2
101.9,983.0,0.0,0.0,1,1
79.6,990.5,630.0,0.612,1,1
101.9,990.0,442.0,1.222,1,1
83.3,986.0,419.0,1.22,1,1
79.6,978.0,268.0,0.0,1,1
101.9,960.0,139.0,1.215,1,1
74.1,970.0,0.0,0.0,1,1
46.3,990.0,0.0,0.0,1,0
46.3,1001.6,0.0,0.0,1,0
46.3,1001.6,0.0,0.0,1,0
46.3,1001.6,137.0,0.0,0,0
46.3,1001.6,157.0,0.0,0,0
55.6,998.5,200.0,1.696,0,0
55.6,998.5,138.0,0.565,0,0
37.0,1004.8,0.0,0.0,0,0
46.3,1001.6,0.0,0.0,0,0
46.3,1001.6,0.0,0.0,0,0
46.3,1001.6,0.0,0.0,0,0
46.3,1001.6,174.0,0.544,0,0
46.3,1001.6,70.0,0.0,0,0
46.3,1001.6,0.0,0.539,0,0
46.3,1001.6,0.0,0.0,0,0
46.3,1001.6,238.0,1.065,0,0
46.3,1001.6,70.0,0.0,0,0
46.3,1001.6,0.0,0.531,0,0
46.3,1001.6,0.0,0.53,0,0
46.3,1001.6,0.0,0.0,0,0
37.0,1004.8,0.0,0.0,0,0
37.0,1004.8,0.0,0.0,0,0
46.3,1001.6,352.0,1.045,0,0
46.3,1001.6,0.0,0.522,0,0
55.6,998.5,38.0,0.0,0,0
55.6,998.5,436.0,0.507,1,0
46.3,1001.6,512.0,0.0,1,0
51.9,999.8,426.0,0.498,1,0
70.4,993.6,490.0,0.995,1,1
88.9,987.4,154.0,0.497,1,1
92.6,986.1,105.0,0.993,1,1
46.3,990.0,307.0,0.496,1,0
92.6,994.0,249.0,0.0,1,1
92.6,986.0,169.0,0.495,1,1
55.6,995.0,0.0,0.0,1,0
37.0,998.0,0.0,0.0,1,0
37.0,998.0,0.0,0.0,1,0
51.9,998.0,1088.0,0.0,1,0
61.1,993.0,999.0,0.0,1,0
98.2,984.3,773.0,0.965,1,1
138.9,970.6,331.0,0.0,1,2
157.4,967.0,113.0,0.0,1,2
92.6,990.0,0.0,0.0,1,1
55.6,998.5,401.0,0.469,1,0
46.3,1001.6,952.0,0.0,1,0
46.3,1001.6,212.0,0.937,1,0
55.6,998.5,819.0,0.0,1,0
46.3,1001.6,238.0,0.466,1,0
46.3,1001.6,94.0,0.932,1,0
46.3,1001.6,0.0,0.0,1,0
46.3,1001.6,30.0,0.372,1,0
46.3,1001.6,0.0,0.371,1,0
46.3,1001.6,0.0,0.371,1,0
55.6,998.5,232.0,0.37,1,0
55.6,998.5,88.0,0.37,1,0
50.0,1000.4,0.0,0.0,1,0
46.3,1001.6,0.0,0.0,1,0
50.0,1000.4,0.0,0.0,0,0
55.6,998.5,0.0,0.0,0,0
55.6,998.5,0.0,0.355,0,0
55.6,998.5,0.0,0.0,0,0
55.6,998.5,0.0,0.354,0,0
79.6,990.5,146.0,0.0,0,1
83.3,989.2,99.0,0.353,0,1
46.3,1001.6,0.0,0.0,0,0
46.3,1001.6,0.0,0.0,0,0
55.6,998.5,264.0,0.673,1,0
74.1,992.3,130.0,0.336,1,1
92.6,986.1,85.0,0.671,1,1
83.3,989.2,0.0,0.0,1,1
61.1,996.7,452.0,0.0,1,0
79.6,990.5,217.0,0.669,1,1
92.6,994.0,100.0,0.668,1,1
74.1,1000.0,0.0,0.0,1,1
37.0,1004.8,86.0,0.0,1,0
101.9,983.0,239.0,0.332,1,1
46.3,1001.6,183.0,0.0,1,0
101.9,983.0,41.0,0.0,1,1
74.1,994.0,164.0,0.0,1,1
64.8,998.0,0.0,0.0,1,1
46.3,1001.6,0.0,0.0,1,0
55.6,998.5,10.0,0.0,1,0
46.3,1001.6,49.0,0.0,1,0
42.6,1002.9,614.0,0.0,1,0
55.6,998.5,666.0,0.326,1,0
74.1,992.3,493.0,0.325,1,1
98.2,984.3,285.0,1.3,1,1
101.9,983.0,257.0,0.974,1,1
46.3,1001.6,0.0,0.0,1,0
46.3,1001.6,0.0,0.0,1,0
37.0,1004.8,282.0,0.0,1,0
46.3,1001.6,126.0,0.0,1,0
61.1,996.7,0.0,0.0,1,0
79.6,990.5,165.0,0.0,1,1
83.3,989.2,147.0,0.276,1,1
64.8,995.4,60.0,0.0,1,1
46.3,1001.6,405.0,0.548,1,0
46.3,1001.6,289.0,0.274,1,0
46.3,1004.0,1225.0,0.0,1,0
64.8,996.0,1002.0,0.0,1,1
83.3,990.0,822.0,0.0,1,1
92.6,990.0,650.0,0.0,1,1
98.2,984.3,333.0,0.0,1,1
101.9,985.0,289.0,0.27,1,1
111.1,985.0,140.0,0.0,1,1
111.1,985.0,98.0,0.27,1,1
55.6,992.0,0.0,0.0,1,0
46.3,1001.6,174.0,0.263,0,0
46.3,1001.6,0.0,0.263,0,0
46.3,1001.6,0.0,0.0,0,0
46.3,1001.6,0.0,0.0,0,0
46.3,1001.6,0.0,0.0,0,0
46.3,1001.6,0.0,0.0,0,0
46.3,1001.6,0.0,0.0,0,0
46.3,1001.6,0.0,0.0,0,0
46.3,1001.6,239.0,1.04,0,0
46.3,1001.6,0.0,0.26,0,0
46.3,1001.6,0.0,0.0,0,0
46.3,1001.6,0.0,0.0,0,0
46.3,1001.6,0.0,0.0,0,0
46.3,1001.6,426.0,0.25,1,0
64.8,995.4,291.0,0.25,1,1
83.3,989.2,198.0,0.749,1,1
83.3,989.2,183.0,0.998,1,1
64.8,995.4,23.0,0.0,1,1
46.3,1001.6,0.0,0.249,1,0
55.6,998.5,569.0,0.245,1,0
70.4,993.6,283.0,0.0,1,1
135.2,971.9,100.0,0.245,1,2
157.4,964.4,32.0,0.0,1,2
157.4,964.4,43.0,0.244,1,2
148.2,967.5,0.0,0.488,1,2
83.3,989.2,0.0,0.732,1,1
55.6,998.5,394.0,0.242,1,0
79.6,990.5,414.0,0.0,1,1
98.2,984.3,395.0,0.483,1,1
125.9,975.0,212.0,0.483,1,2
138.9,970.6,65.0,0.241,1,2
51.9,999.8,524.0,0.0,1,0
70.4,993.6,989.0,0.0,1,1
101.9,983.0,872.0,0.0,1,1
111.1,979.9,630.0,0.0,1,1
111.1,979.9,435.0,0.0,1,1
92.6,986.1,80.0,0.0,1,1
37.0,1004.8,0.0,0.0,1,0
46.3,1001.6,525.0,0.651,1,0
64.8,995.4,525.0,0.65,1,1
83.3,989.2,337.0,0.433,1,1
111.1,979.9,88.0,0.217,1,1
111.1,979.9,23.0,0.433,1,1
79.6,990.5,538.0,0.432,1,1
92.6,986.1,373.0,0.648,1,1
92.6,986.1,228.0,0.216,1,1
74.1,992.3,45.0,0.0,1,1
37.0,1004.8,0.0,0.0,1,0
46.3,1001.6,130.0,0.832,0,0
46.3,1001.6,56.0,0.832,0,0
46.3,1001.6,0.0,0.0,0,0
46.3,1001.6,0.0,0.0,0,0
46.3,1001.6,106.0,0.83,0,0
46.3,1001.6,0.0,0.0,0,0
37.0,1004.8,0.0,0.0,0,0
37.0,1004.8,0.0,0.0,0,0
46.3,1001.6,237.0,1.445,0,0
46.3,1001.6,0.0,0.206,0,0
55.6,998.5,237.0,1.416,0,0
83.3,989.2,15.0,0.404,0,1
55.6,998.5,0.0,0.0,0,0
46.3,1001.6,0.0,0.0,0,0
46.3,1001.6,0.0,0.0,0,0
46.3,1001.6,317.0,0.0,1,0
46.3,1001.6,30.0,0.0,1,0
46.3,1001.6,125.0,0.2,1,0
46.3,1001.6,0.0,0.0,1,0
46.3,1001.6,66.0,0.0,1,0
37.0,1004.8,622.0,0.0,1,0
46.3,1001.6,0.0,0.0,1,0
70.4,993.6,467.0,0.6,1,1
92.6,986.1,107.0,0.6,1,1
92.6,986.1,15.0,0.4,1,1
42.6,1002.9,1112.0,0.0,1,0
79.6,990.5,221.0,0.0,1,1
64.8,995.4,0.0,0.2,1,1
51.9,999.8,1368.0,0.0,1,0
125.9,975.0,518.0,0.0,1,2
64.8,995.4,0.0,0.0,1,1
88.9,987.4,1557.0,0.0,1,1
46.3,1001.6,298.0,0.0,1,0
166.7,961.3,336.0,0.0,1,2
129.6,973.7,1387.0,0.0,1,2
64.8,995.4,391.0,0.998,1,1
185.2,965.0,198.0,0.0,1,2
246.3,934.6,972.0,0.0,1,2
88.9,987.4,15.0,0.399,1,1
166.7,970.0,0.0,0.0,1,2
277.8,895.0,672.0,0.0,1,2
92.6,986.1,0.0,0.598,1,1
277.8,895.0,428.0,0.0,1,2
55.6,998.5,0.0,0.0,1,0
240.8,915.0,44.0,0.0,1,2
153.7,965.7,392.0,0.0,1,2
166.7,960.0,272.0,0.0,1,2
148.2,980.0,10.0,0.0,1,2
46.3,1001.6,86.0,0.786,1,0
46.3,1001.6,193.0,0.589,1,0
51.9,999.8,653.0,0.0,1,0
70.4,993.6,484.0,0.0,1,1
92.6,986.1,294.0,0.0,1,1
101.9,983.0,10.0,0.588,1,1
46.3,1001.6,0.0,0.0,1,0
46.3,1001.6,524.0,0.0,1,0
55.6,998.5,542.0,0.0,1,0
74.1,992.3,580.0,0.193,1,1
92.6,986.1,338.0,0.58,1,1
92.6,986.1,230.0,0.773,1,1
74.1,992.3,0.0,0.579,1,1
70.4,993.6,302.0,0.0,0,1
83.3,989.2,231.0,0.191,0,1
64.8,995.4,119.0,0.191,0,1
64.8,995.4,67.0,0.381,0,1
55.6,998.5,260.0,0.761,0,0
46.3,1001.6,279.0,0.686,0,0
46.3,1001.6,213.0,0.514,0,0
46.3,1001.6,53.0,0.685,0,0
42.6,1002.9,386.0,0.171,0,0
55.6,994.0,314.0,0.0,0,0
107.4,981.2,425.0,0.171,0,1
129.6,975.0,280.0,0.0,0,2
46.3,1001.6,49.0,0.512,0,0
129.6,970.0,241.0,0.171,0,2
157.4,955.0,97.0,0.0,0,2
129.6,960.0,0.0,0.0,0,2
116.7,978.1,214.0,0.0,0,1
120.4,985.0,201.0,0.341,0,2
55.6,992.0,215.0,0.0,0,0
51.9,999.8,494.0,0.17,0,0
64.8,994.0,252.0,0.0,0,1
74.1,992.0,178.0,0.0,0,1
98.2,984.3,106.0,0.17,0,1
129.6,960.0,175.0,0.34,0,2
138.9,960.0,216.0,0.34,0,2
157.4,965.0,212.0,0.17,0,2
157.4,960.0,134.0,0.339,0,2
163.0,962.6,346.0,0.17,0,2
166.7,955.0,393.0,0.339,0,2
129.6,960.0,43.0,0.0,0,2
83.3,975.0,0.0,0.0,0,1
46.3,1001.6,106.0,1.008,0,0
46.3,1001.6,56.0,0.504,0,0
46.3,1001.6,61.0,0.165,1,0
55.6,998.5,15.0,0.987,1,0
92.6,986.1,24.0,0.0,1,1
83.3,989.2,813.0,0.0,1,1
83.3,989.2,946.0,0.164,1,1
46.3,1001.6,423.0,0.0,1,0
46.3,999.0,742.0,0.0,0,0
55.6,987.0,418.0,0.159,0,0
88.9,971.0,692.0,0.0,0,1
101.9,970.0,654.0,0.317,0,1
74.1,986.0,524.0,0.317,0,1
46.3,998.0,138.0,0.633,0,0
37.0,1004.8,316.0,0.0,1,0
46.3,1001.6,228.0,0.0,1,0
51.9,999.8,434.0,0.904,1,0
64.8,988.0,457.0,0.903,1,1
88.9,985.0,200.0,0.602,1,1
101.9,984.0,84.0,0.451,1,1
79.6,990.5,517.0,0.0,1,1
55.6,998.5,0.0,0.0,1,0
88.9,987.4,658.0,0.0,1,1
92.6,986.1,685.0,0.15,1,1
92.6,986.1,622.0,0.3,1,1
92.6,986.1,399.0,0.0,1,1
64.8,995.4,423.0,0.0,1,1
46.3,1001.6,438.0,0.15,1,0
55.6,998.5,317.0,0.15,1,0
46.3,1001.6,125.0,0.3,1,0
46.3,1001.6,769.0,0.0,0,0
27.8,1007.9,1236.0,0.0,0,0
61.1,996.7,674.0,0.0,0,0
37.0,1004.8,1207.0,0.0,0,0
92.6,986.1,649.0,0.0,0,1
37.0,1004.8,1140.0,0.0,0,0
190.8,953.2,474.0,0.0,0,2
37.0,1004.8,1184.0,0.0,0,0
259.3,890.0,228.0,0.0,0,2
37.0,1004.8,1218.0,0.0,0,0
250.0,910.0,21.0,0.0,0,2
70.4,993.6,991.0,0.146,0,1
203.7,935.0,24.0,0.0,0,2
101.9,1002.0,706.0,0.146,0,1
213.0,930.0,516.0,0.0,0,2
116.7,978.1,449.0,0.0,0,1
213.0,930.0,241.0,0.146,0,2
129.6,985.0,355.0,0.0,0,2
148.2,950.0,69.0,0.146,0,2
144.5,968.8,163.0,0.0,0,2
46.3,996.0,0.0,0.0,0,0
157.4,965.0,125.0,0.146,0,2
129.6,980.0,0.0,0.0,0,2
101.9,975.0,232.0,0.0,0,1
120.4,965.0,360.0,0.146,0,2
129.6,970.0,228.0,0.437,0,2
120.4,975.0,95.0,0.146,0,2
74.1,990.0,0.0,0.0,0,1
46.3,1001.6,0.0,0.0,0,0
46.3,990.0,0.0,0.0,0,0
46.3,990.0,0.0,0.0,0,0
46.3,990.0,0.0,0.0,0,0
46.3,990.0,0.0,0.0,0,0
46.3,993.0,0.0,0.145,0,0
46.3,993.0,0.0,0.0,0,0
46.3,997.0,0.0,0.0,0,0
46.3,997.0,0.0,0.0,0,0
61.1,996.7,328.0,0.0,1,0
83.3,994.0,30.0,0.0,1,1
64.8,994.0,0.0,0.143,1,1
46.3,998.0,0.0,0.0,1,0
37.0,998.0,0.0,0.0,1,0
37.0,998.0,0.0,0.0,1,0
55.6,998.5,722.0,0.142,1,0
79.6,993.0,465.0,0.283,1,1
101.9,988.0,347.0,0.283,1,1
101.9,986.0,205.0,0.142,1,1
74.1,986.0,0.0,0.708,1,1
42.6,1002.9,484.0,0.0,1,0
46.3,1001.6,452.0,0.0,1,0
46.3,1001.6,233.0,0.0,1,0
64.8,1000.0,516.0,0.706,1,1
92.6,992.0,54.0,0.423,1,1
74.1,994.0,0.0,0.423,1,1
37.0,1004.8,333.0,0.42,1,0
51.9,999.8,196.0,0.84,1,0
55.6,998.5,174.0,0.699,1,0
46.3,1001.6,0.0,0.14,1,0
37.0,1004.8,74.0,0.0,1,0
51.9,999.8,405.0,0.0,1,0
64.8,995.4,494.0,0.0,1,1
74.1,992.3,456.0,0.14,1,1
83.3,989.2,363.0,0.14,1,1
74.1,992.3,217.0,0.0,1,1
55.6,998.5,0.0,0.0,1,0
18.5,1011.0,0.0,0.0,1,0
51.9,999.8,278.0,0.557,1,0
55.6,998.5,252.0,0.557,1,0
51.9,999.8,244.0,0.835,1,0
64.8,995.4,362.0,0.556,1,1
64.8,995.4,468.0,0.278,1,1
37.0,1004.8,300.0,0.695,1,0
37.0,1004.8,10.0,0.139,1,0
51.9,999.8,170.0,0.131,1,0
46.3,1001.6,67.0,0.261,1,0
64.8,995.4,276.0,0.0,1,1
64.8,995.4,370.0,0.261,1,1
64.8,995.4,432.0,0.13,1,1
64.8,995.4,287.0,0.391,1,1
46.3,1001.6,215.0,0.261,1,0
46.3,1001.6,172.0,0.515,0,0
46.3,1001.6,24.0,0.384,0,0
55.6,998.5,99.0,0.502,1,0
51.9,999.8,186.0,0.125,1,0
64.8,995.4,211.0,0.499,1,1
55.6,998.5,0.0,0.498,1,0
46.3,1001.6,613.0,0.0,1,0
46.3,1001.6,734.0,0.0,1,0
55.6,998.5,682.0,0.123,1,0
51.9,999.8,469.0,0.247,1,0
101.9,983.0,608.0,0.0,1,1
64.8,995.4,384.0,0.247,1,1
101.9,983.0,44.0,0.0,1,1
101.9,983.0,160.0,0.493,1,1
46.3,1001.6,78.0,0.0,1,0
46.3,1001.6,133.0,0.0,1,0
61.1,996.7,437.0,0.0,1,0
88.9,987.4,573.0,0.0,1,1
116.7,978.1,693.0,0.123,1,1
138.9,970.6,765.0,0.0,1,2
163.0,962.6,532.0,0.369,1,2
181.5,956.3,253.0,0.984,1,2
203.7,948.9,0.0,0.123,1,2
111.1,979.9,0.0,0.0,1,1
61.1,996.7,771.0,0.0,1,0
83.3,989.2,712.0,0.245,1,1
64.8,995.4,603.0,0.368,1,1
55.6,998.5,414.0,0.696,1,0
79.6,990.5,145.0,0.928,1,1
88.9,987.4,83.0,0.812,1,1
101.9,983.0,30.0,0.464,1,1
74.1,992.3,0.0,0.0,1,1
27.8,1007.9,158.0,0.231,1,0
37.0,1004.8,285.0,0.462,1,0
46.3,1001.6,84.0,0.115,1,0
37.0,1004.8,0.0,0.115,1,0
51.9,999.8,196.0,0.0,1,0
64.8,995.4,331.0,0.115,1,1
46.3,1001.6,162.0,1.038,1,0
55.6,998.5,422.0,0.115,1,0
55.6,998.5,0.0,0.115,1,0
46.3,1001.6,807.0,0.115,1,0
83.3,989.2,92.0,0.342,0,1
55.6,998.5,0.0,0.228,0,0
55.6,998.5,0.0,0.114,0,0
46.3,1001.6,0.0,0.114,0,0
46.3,1001.6,285.0,0.339,0,0
55.6,998.5,53.0,0.565,0,0
46.3,1001.6,429.0,0.887,1,0
46.3,1001.6,0.0,0.111,1,0
61.1,996.7,170.0,0.0,1,0
101.9,983.0,172.0,0.0,1,1
181.5,956.3,79.0,0.0,1,2
185.2,955.1,46.0,0.11,1,2
175.9,958.2,404.0,0.0,1,2
181.5,956.3,650.0,0.22,1,2
218.5,943.9,317.0,0.22,1,2
259.3,930.3,21.0,0.771,1,2
166.7,961.3,0.0,0.44,1,2
37.0,1004.8,0.0,0.0,1,0
46.3,1001.6,367.0,0.44,1,0
46.3,1001.6,459.0,0.22,1,0
55.6,998.5,413.0,0.33,1,0
55.6,998.5,337.0,0.329,1,0
55.6,998.5,188.0,0.439,1,0
55.6,998.5,409.0,0.329,1,0
46.3,1001.6,596.0,0.0,1,0
46.3,1001.6,644.0,0.105,1,0
37.0,1004.8,713.0,0.105,1,0
51.9,1000.0,479.0,0.418,1,0
79.6,991.0,327.0,0.418,1,1
120.4,970.0,235.0,0.627,1,2
203.7,937.0,173.0,0.522,1,2
231.5,924.0,129.0,0.522,1,2
213.0,960.0,79.0,0.835,1,2
129.6,973.7,0.0,0.209,1,2
64.8,995.4,0.0,0.0,1,1
50.0,991.0,67.0,0.31,1,0
61.1,990.0,0.0,0.517,1,0
50.0,995.0,0.0,0.103,1,0
50.0,994.0,160.0,0.914,0,0
50.0,993.0,91.0,0.305,0,0
50.0,995.0,0.0,0.0,0,0
50.0,997.0,0.0,0.0,0,0
50.0,996.0,174.0,0.609,0,0
50.0,991.0,0.0,0.507,0,0
50.0,994.0,0.0,0.0,0,0
50.0,995.0,0.0,0.0,0,0
50.0,997.0,0.0,0.0,0,0
50.0,995.0,0.0,0.303,0,0
50.0,995.0,0.0,0.101,0,0
29.6,997.0,0.0,0.0,0,0
27.8,1007.9,0.0,0.0,0,0
42.6,1002.9,345.0,0.1,0,0
51.9,999.8,488.0,0.1,1,0
64.8,996.0,274.0,0.0,1,1
64.8,996.0,44.0,0.0,1,1
46.3,1001.6,0.0,0.0,1,0
46.3,1001.6,0.0,0.0,1,0
55.6,1001.0,290.0,1.001,1,0
61.1,1000.0,174.0,0.601,1,0
50.0,999.0,15.0,0.6,1,0
42.6,1002.9,455.0,0.0,1,0
46.3,1001.6,526.0,0.0,1,0
55.6,1001.0,332.0,0.398,1,0
55.6,1001.0,272.0,0.298,1,0
55.6,1001.0,59.0,0.497,1,0
50.0,1002.0,0.0,0.199,1,0
50.0,1010.0,184.0,0.297,1,0
29.6,1009.0,0.0,0.0,1,0
50.0,1009.0,72.0,0.0,1,0
61.1,1007.0,203.0,0.099,1,0
50.0,1009.0,126.0,0.099,1,0
27.8,1007.9,635.0,0.0,1,0
42.6,1002.9,578.0,0.197,1,0
70.4,993.6,565.0,0.196,1,1
83.3,989.2,456.0,0.491,1,1
83.3,989.2,382.0,0.589,1,1
83.3,989.2,190.0,0.785,1,1
37.0,1004.8,0.0,0.0,1,0
37.0,1004.8,710.0,0.0,0,0
37.0,1004.8,561.0,0.0,0,0
42.6,1002.9,329.0,0.0,0,0
64.8,995.4,531.0,0.0,0,1
64.8,995.4,591.0,0.097,0,1
64.8,995.4,737.0,0.0,0,1
55.6,998.5,1234.0,0.0,0,0
37.0,1004.8,661.0,0.19,1,0
46.3,1001.6,670.0,0.0,1,0
64.8,1002.0,840.0,0.095,1,1
88.9,996.0,748.0,0.19,1,1
116.7,990.0,737.0,0.285,1,1
163.0,973.0,527.0,0.854,1,2
213.0,927.0,352.0,0.569,1,2
259.3,918.0,140.0,0.664,1,2
203.7,994.0,0.0,0.0,1,2
46.3,1001.6,621.0,0.282,1,0
55.6,996.0,453.0,0.564,1,0
88.9,991.0,59.0,0.564,1,1
92.6,990.0,20.0,0.47,1,1
46.3,1001.6,0.0,0.0,1,0
46.3,992.0,123.0,0.649,0,0
55.6,984.0,56.0,0.834,0,0
55.6,986.0,0.0,0.463,0,0
55.6,988.0,0.0,0.093,0,0
46.3,990.0,0.0,0.0,0,0
27.8,994.0,0.0,0.0,0,0
46.3,994.0,100.0,0.92,0,0
46.3,994.0,0.0,0.0,0,0
46.3,994.0,0.0,0.0,0,0
46.3,992.0,0.0,0.0,0,0
46.3,996.0,0.0,0.0,0,0
46.3,1000.0,177.0,0.365,0,0
46.3,1000.0,0.0,0.365,0,0
46.3,1000.0,232.0,0.182,1,0
46.3,1000.0,162.0,0.818,1,0
46.3,1002.0,0.0,0.636,1,0
46.3,1002.0,188.0,0.362,1,0
46.3,998.0,58.0,0.362,1,0
46.3,1000.0,0.0,0.0,1,0
27.8,1007.9,382.0,0.0,1,0
37.0,1004.8,618.0,0.18,1,0
42.6,1006.0,773.0,0.271,1,0
46.3,1006.0,748.0,0.361,1,0
61.1,1000.0,207.0,0.721,1,0
74.1,998.0,32.0,0.18,1,1
74.1,1000.0,0.0,0.27,1,1
37.0,1004.8,0.0,0.0,1,0
42.6,1002.0,818.0,0.259,1,0
61.1,997.0,658.0,0.259,1,0
88.9,994.0,568.0,0.517,1,1
116.7,993.0,145.0,0.172,1,1
120.4,994.0,46.0,0.172,1,2
46.3,1001.6,0.0,0.0,1,0
46.3,1001.6,569.0,0.086,1,0
55.6,998.5,766.0,0.0,1,0
61.1,996.7,1102.0,0.0,1,0
64.8,995.4,1056.0,0.0,1,1
64.8,995.4,894.0,0.086,1,1
64.8,1002.0,938.0,0.172,1,1
64.8,998.0,908.0,0.171,1,1
64.8,998.0,674.0,0.0,1,1
64.8,998.0,451.0,0.0,1,1
46.3,996.0,176.0,0.0,1,0
46.3,1001.6,783.0,0.257,1,0
46.3,1001.6,679.0,0.257,1,0
55.6,998.5,291.0,0.77,1,0
83.3,989.2,23.0,0.685,1,1
64.8,995.4,0.0,0.599,1,1
27.8,1007.9,1240.0,0.0,0,0
33.3,1006.0,1247.0,0.0,0,0
37.0,1004.8,1258.0,0.0,0,0
42.6,1002.9,1324.0,0.085,0,0
74.1,992.3,605.0,0.085,0,1
129.6,973.7,150.0,0.17,0,2
138.9,965.0,46.0,0.255,0,2
129.6,985.0,310.0,0.085,0,2
129.6,985.0,10.0,0.085,0,2
74.1,996.0,0.0,0.085,0,1
33.3,1006.0,767.0,0.085,0,0
37.0,1004.8,713.0,0.085,0,0
42.6,1002.9,129.0,0.085,0,0
55.6,1006.0,96.0,0.34,0,0
64.8,998.0,148.0,0.085,0,1
88.9,987.4,281.0,0.17,0,1
120.4,980.0,76.0,0.085,0,2
92.6,990.0,0.0,0.0,0,1
37.0,1000.0,0.0,0.0,0,0
37.0,1004.8,396.0,0.848,0,0
46.3,1001.6,306.0,0.509,0,0
74.1,992.3,0.0,0.678,0,1
64.8,995.4,0.0,0.339,0,1
37.0,1004.8,0.0,0.0,0,0
51.9,999.8,46.0,0.251,0,0
55.6,998.5,86.0,0.418,0,0
55.6,998.5,84.0,0.669,0,0
46.3,1001.6,11.0,0.418,0,0
46.3,1001.6,0.0,0.502,0,0
33.3,1006.0,227.0,0.084,0,0
51.9,999.8,505.0,0.334,0,0
88.9,999.0,585.0,0.0,1,1
101.9,998.0,436.0,0.0,1,1
83.3,996.0,67.0,0.0,1,1
46.3,1001.6,0.0,0.0,1,0
27.8,1007.9,187.0,0.0,1,0
37.0,1004.8,589.0,0.083,1,0
51.9,999.8,691.0,0.334,1,0
70.4,993.6,404.0,0.334,1,1
83.3,989.2,298.0,0.25,1,1
74.1,992.3,10.0,0.5,1,1
27.8,1007.9,840.0,0.167,1,0
27.8,1007.9,747.0,0.167,1,0
27.8,1007.9,477.0,0.166,1,0
27.8,1007.9,436.0,0.333,1,0
27.8,1007.9,283.0,0.416,1,0
37.0,1004.8,300.0,0.333,1,0
37.0,1004.8,301.0,0.249,1,0
46.3,1004.0,284.0,0.831,1,0
55.6,998.0,168.0,0.831,1,0
46.3,1000.0,0.0,0.0,1,0
37.0,1004.8,448.0,0.083,1,0
37.0,1004.8,432.0,0.0,1,0
51.9,999.8,429.0,0.332,1,0
64.8,998.0,509.0,0.58,1,1
79.6,999.0,385.0,0.497,1,1
101.9,996.0,301.0,0.414,1,1
101.9,1000.0,256.0,0.497,1,1
27.8,1007.9,261.0,0.0,1,0
74.1,1004.0,165.0,0.331,1,1
37.0,1004.8,111.0,0.0,1,0
46.3,1001.6,161.0,0.745,1,0
37.0,1004.8,188.0,0.0,1,0
27.8,1007.9,1100.0,0.0,1,0
33.3,1006.0,421.0,0.0,1,0
37.0,1004.8,1054.0,0.0,1,0
51.9,999.8,585.0,0.0,1,0
46.3,1001.6,379.0,0.0,1,0
98.2,997.0,111.0,0.165,1,1
46.3,1001.6,39.0,0.0,1,0
101.9,996.0,59.0,0.248,1,1
70.4,993.6,452.0,0.0,1,1
129.6,994.0,60.0,0.0,1,2
101.9,1000.0,227.0,0.0,1,1
74.1,1000.0,0.0,0.0,1,1
101.9,1000.0,191.0,0.083,1,1
101.9,1000.0,109.0,0.083,1,1
101.9,998.0,138.0,0.083,1,1
83.3,1000.0,55.0,0.083,1,1
92.6,1006.0,231.0,0.0,1,1
64.8,1000.0,0.0,0.0,1,1
111.1,986.0,817.0,0.33,1,1
157.4,970.0,493.0,0.743,1,2
222.2,954.0,314.0,0.578,1,2
231.5,954.0,314.0,0.743,1,2
185.2,972.0,137.0,0.495,1,2
55.6,998.5,0.0,0.0,1,0
42.6,1002.9,465.0,0.0,1,0
64.8,995.4,279.0,0.0,1,1
88.9,987.4,327.0,0.0,1,1
92.6,986.1,318.0,0.082,1,1
64.8,995.4,334.0,0.0,1,1
37.0,1004.8,451.0,0.0,1,0
46.3,1001.6,689.0,0.082,1,0
51.9,999.8,838.0,0.082,1,0
70.4,993.6,994.0,0.0,1,1
74.1,992.3,1040.0,0.082,1,1
83.3,989.2,758.0,0.0,1,1
92.6,986.1,337.0,0.0,1,1
92.6,986.1,113.0,0.082,1,1
46.3,1001.6,503.0,0.0,1,0
55.6,998.5,314.0,0.076,1,0
55.6,998.5,220.0,0.076,1,0
46.3,1001.6,44.0,0.076,1,0
46.3,1000.0,158.0,0.0,1,0
37.0,1004.8,0.0,0.076,1,0
46.3,1000.0,44.0,0.076,1,0
42.6,1002.9,476.0,0.076,1,0
27.8,1002.0,32.0,0.076,1,0
51.9,999.8,757.0,0.076,1,0
79.6,990.5,816.0,0.076,1,1
61.1,1001.0,820.0,0.076,1,0
83.3,989.2,766.0,0.229,1,1
125.9,1000.0,564.0,0.0,1,2
148.2,986.0,486.0,0.153,1,2
120.4,998.0,192.0,0.076,1,2
46.3,1008.0,78.0,0.153,1,0
37.0,1004.8,275.0,0.152,1,0
37.0,1004.8,197.0,0.0,1,0
42.6,1002.9,246.0,0.0,1,0
55.6,998.5,535.0,0.0,1,0
64.8,1002.0,655.0,0.076,1,1
37.0,1004.8,1527.0,0.0,1,0
98.2,995.0,336.0,0.304,1,1
42.6,1002.9,1226.0,0.0,1,0
138.9,982.0,114.0,0.304,1,2
55.6,1004.0,1070.0,0.0,1,0
129.6,976.0,76.0,0.38,1,2
79.6,990.5,1192.0,0.0,1,1
55.6,998.5,0.0,0.0,1,0
111.1,980.0,1039.0,0.0,1,1
111.1,980.0,923.0,0.0,1,1
125.9,975.0,653.0,0.0,1,2
153.7,965.7,492.0,0.076,1,2
222.2,955.0,163.0,0.076,1,2
194.5,970.0,0.0,0.0,1,2
92.6,994.0,69.0,0.0,1,1
55.6,996.0,195.0,0.076,1,0
74.1,996.0,380.0,0.076,1,1
64.8,996.0,212.0,0.152,1,1
55.6,1004.0,179.0,0.0,1,0
46.3,1008.0,0.0,0.0,1,0
55.6,1006.0,125.0,0.379,1,0
46.3,1008.0,65.0,0.455,1,0
27.8,1007.9,92.0,0.0,0,0
33.3,1006.0,276.0,0.0,0,0
42.6,1002.9,534.0,0.0,0,0
46.3,1001.6,566.0,0.0,0,0
64.8,995.4,567.0,0.149,0,1
74.1,992.3,517.0,0.149,0,1
64.8,995.4,625.0,0.372,0,1
46.3,1001.6,824.0,0.297,0,0
27.8,1007.9,201.0,0.0,1,0
37.0,1004.8,299.0,0.0,1,0
55.6,998.5,566.0,0.0,1,0
79.6,994.0,701.0,0.295,1,1
129.6,987.0,507.0,0.443,1,2
203.7,957.0,305.0,0.59,1,2
231.5,948.0,139.0,0.664,1,2
92.6,986.1,0.0,0.074,1,1
42.6,992.0,85.0,0.0,1,0
61.1,988.0,358.0,0.293,1,0
83.3,984.0,457.0,0.146,1,1
83.3,988.0,374.0,0.073,1,1
55.6,990.0,151.0,0.073,1,0
33.3,1006.0,31.0,0.072,0,0
51.9,999.8,64.0,0.0,0,0
70.4,993.6,52.0,0.145,0,1
74.1,990.0,90.0,0.145,0,1
46.3,996.0,0.0,0.072,0,0
37.0,1004.8,520.0,0.214,1,0
51.9,1005.0,365.0,0.569,1,0
79.6,989.0,21.0,0.213,1,1
83.3,988.0,0.0,0.356,1,1
27.8,1007.9,778.0,0.0,1,0
42.6,1002.9,960.0,0.071,1,0
55.6,1006.0,1080.0,0.071,1,0
64.8,1002.0,1108.0,0.071,1,1
79.6,998.0,777.0,0.071,1,1
98.2,993.0,502.0,0.071,1,1
101.9,990.0,425.0,0.213,1,1
55.6,996.0,0.0,0.0,1,0
46.3,998.0,65.0,0.412,1,0
55.6,996.0,21.0,0.412,1,0
46.3,998.0,140.0,0.549,1,0
55.6,996.0,24.0,0.412,1,0
46.3,998.0,56.0,0.617,1,0
55.6,996.0,15.0,0.754,1,0
55.6,996.0,0.0,0.206,1,0
18.5,1011.0,526.0,0.067,0,0
33.3,1006.0,503.0,0.202,0,0
37.0,1004.8,503.0,0.202,0,0
37.0,1004.8,482.0,0.135,0,0
51.9,999.8,491.0,0.134,0,0
70.4,993.6,293.0,0.202,0,1
116.7,978.1,59.0,0.134,0,1
120.4,980.0,23.0,0.202,0,2
120.4,980.0,107.0,0.202,0,2
92.6,992.0,0.0,0.134,0,1
37.0,1004.8,0.0,0.067,0,0
27.8,1007.9,0.0,0.0,0,0
37.0,1004.8,0.0,0.0,0,0
55.6,998.5,176.0,0.603,0,0
55.6,998.5,198.0,0.737,0,0
83.3,998.0,35.0,0.469,0,1
74.1,992.3,0.0,0.402,0,1
46.3,1001.6,0.0,0.0,0,0
27.8,1007.9,0.0,0.0,0,0
27.8,1007.9,0.0,0.0,0,0
46.3,1000.0,15.0,0.602,0,0
46.3,1001.6,191.0,0.2,1,0
79.6,1007.0,422.0,0.2,1,1
92.6,1004.0,475.0,0.533,1,1
83.3,1000.0,486.0,0.333,1,1
74.1,1000.0,489.0,0.333,1,1
64.8,1000.0,495.0,0.0,1,1
55.6,1002.0,535.0,0.266,1,0
46.3,1001.6,262.0,0.0,1,0
27.8,1007.9,1113.0,0.0,1,0
27.8,1007.9,1143.0,0.0,1,0
27.8,1007.9,1298.0,0.067,1,0
27.8,1007.9,1242.0,0.0,1,0
33.3,1006.0,361.0,0.067,1,0
64.8,1004.0,15.0,0.067,1,1
79.6,990.5,444.0,0.067,1,1
116.7,978.1,97.0,0.133,1,1
120.4,985.0,43.0,0.199,1,2
55.6,1004.0,0.0,0.0,1,0
33.3,1006.0,388.0,0.0,1,0
51.9,999.8,616.0,0.265,1,0
88.9,996.0,722.0,0.265,1,1
129.6,984.0,177.0,0.531,1,2
129.6,984.0,59.0,0.398,1,2
46.3,1001.6,0.0,0.0,1,0
37.0,1004.8,25.0,0.0,1,0
37.0,1004.8,33.0,0.0,1,0
37.0,1004.8,144.0,0.0,1,0
46.3,1001.6,494.0,0.0,1,0
92.6,994.0,589.0,0.132,1,1
157.4,980.0,513.0,0.331,1,2
194.5,960.0,365.0,0.463,1,2
166.7,970.0,257.0,0.86,1,2
46.3,1001.6,492.0,0.0,1,0
46.3,1001.6,575.0,0.0,1,0
46.3,1001.6,651.0,0.386,1,0
46.3,1001.6,544.0,0.385,1,0
46.3,1001.6,593.0,0.385,1,0
55.6,998.5,330.0,0.578,1,0
74.1,1000.0,164.0,0.835,1,1
74.1,1000.0,0.0,0.064,1,1
42.6,1002.9,420.0,0.128,1,0
70.4,993.6,143.0,0.0,1,1
74.1,992.3,104.0,0.128,1,1
42.6,1002.9,635.0,0.128,1,0
55.6,998.5,0.0,0.0,1,0
79.6,998.0,463.0,0.383,1,1
83.3,998.0,404.0,0.447,1,1
83.3,994.0,97.0,0.765,1,1
83.3,994.0,54.0,0.319,1,1
37.0,1004.8,159.0,0.191,1,0
83.3,992.0,30.0,0.383,1,1
46.3,1001.6,170.0,0.128,1,0
64.8,995.4,0.0,0.128,1,1
70.4,986.0,267.0,0.064,1,1
46.3,1001.6,0.0,0.127,1,0
120.4,976.0,35.0,0.064,1,2
111.1,972.0,0.0,0.127,1,1
55.6,998.5,0.0,0.0,1,0
46.3,1001.6,0.0,0.0,1,0
46.3,1001.6,0.0,0.0,1,0
37.0,1004.8,0.0,0.0,1,0
37.0,1004.8,0.0,0.0,1,0
27.8,1007.9,0.0,0.0,1,0
46.3,1002.0,139.0,0.313,1,0
27.8,1007.9,550.0,0.0,1,0
27.8,1007.9,656.0,0.25,1,0
37.0,1004.8,259.0,0.437,1,0
37.0,1004.8,153.0,0.624,1,0
27.8,1007.9,0.0,0.437,1,0
27.8,1007.9,0.0,0.0,1,0
37.0,1004.8,162.0,0.187,1,0
51.9,999.8,454.0,0.187,1,0
42.6,1002.9,469.0,0.0,1,0
88.9,1000.0,430.0,0.125,1,1
46.3,1001.6,494.0,0.0,1,0
120.4,996.0,304.0,0.312,1,2
46.3,1001.6,603.0,0.125,1,0
111.1,996.0,280.0,0.374,1,1
46.3,1001.6,701.0,0.312,1,0
27.8,1007.9,99.0,0.0,1,0
92.6,996.0,133.0,0.187,1,1
64.8,995.4,643.0,0.187,1,1
27.8,1007.9,24.0,0.0,1,0
61.1,1002.0,185.0,0.312,1,0
83.3,989.2,472.0,0.374,1,1
33.3,1006.0,396.0,0.0,1,0
83.3,1002.0,434.0,0.561,1,1
83.3,989.2,385.0,0.499,1,1
55.6,998.5,247.0,0.0,1,0
64.8,995.4,630.0,0.187,1,1
83.3,998.0,228.0,0.187,1,1
46.3,1001.6,184.0,0.0,1,0
64.8,995.4,913.0,0.062,1,1
55.6,998.5,0.0,0.062,1,0
46.3,1001.6,188.0,0.0,1,0
64.8,995.4,650.0,0.0,1,1
46.3,1001.6,154.0,0.0,1,0
55.6,998.5,258.0,0.0,1,0
46.3,1001.6,141.0,0.0,1,0
46.3,1001.6,64.0,0.0,1,0
27.8,1007.9,53.0,0.0,1,0
37.0,1004.8,202.0,0.125,1,0
33.3,1006.0,267.0,0.0,1,0
51.9,999.8,530.0,0.498,1,0
101.9,1002.0,393.0,0.622,1,1
172.2,992.0,219.0,0.498,1,2
213.0,988.0,105.0,0.435,1,2
37.0,1004.8,127.0,0.062,1,0
148.2,967.5,0.0,0.249,1,2
51.9,999.8,95.0,0.124,1,0
55.6,1002.0,53.0,0.124,1,0
64.8,995.4,301.0,0.187,1,1
83.3,996.0,305.0,0.249,1,1
83.3,996.0,321.0,0.124,1,1
83.3,992.0,92.0,0.062,1,1
70.4,993.6,449.0,0.0,1,1
74.1,998.0,521.0,0.124,1,1
64.8,1008.0,246.0,0.248,1,1
55.6,1008.0,103.0,0.062,1,0
46.3,1001.6,102.0,0.0,1,0
46.3,1001.6,76.0,0.124,1,0
42.6,1002.9,638.0,0.0,1,0
51.9,999.8,596.0,0.186,1,0
79.6,1004.0,478.0,0.372,1,1
83.3,1004.0,469.0,0.434,1,1
101.9,1004.0,579.0,0.434,1,1
101.9,1004.0,586.0,0.372,1,1
98.2,994.0,433.0,0.743,1,1
111.1,992.0,328.0,0.557,1,1
138.9,984.0,139.0,0.31,1,2
138.9,992.0,132.0,0.433,1,2
101.9,994.0,97.0,0.867,1,1
55.6,998.5,0.0,0.062,1,0
33.3,1006.0,433.0,0.0,1,0
70.4,993.6,523.0,0.0,1,1
92.6,1000.0,594.0,0.06,1,1
116.7,999.0,599.0,0.362,1,1
157.4,986.0,377.0,0.241,1,2
200.0,971.0,218.0,0.663,1,2
213.0,964.0,103.0,0.783,1,2
120.4,976.8,0.0,0.0,1,2
55.6,986.0,11.0,0.239,1,0
55.6,985.0,0.0,0.419,1,0
46.3,1006.0,67.0,0.238,0,0
55.6,1002.0,56.0,0.595,0,0
46.3,988.0,165.0,0.892,0,0
55.6,986.0,0.0,0.416,0,0
55.6,990.0,15.0,0.712,0,0
46.3,994.0,84.0,0.652,0,0
27.8,1007.9,324.0,0.413,0,0
33.3,1006.0,346.0,0.354,0,0
46.3,1001.6,297.0,0.354,0,0
46.3,1001.6,273.0,0.354,0,0
51.9,998.0,55.0,0.59,0,0
64.8,996.0,54.0,0.531,0,1
92.6,994.0,109.0,0.354,0,1
120.4,984.0,15.0,0.472,0,2
120.4,976.8,0.0,0.236,0,2
27.8,1007.9,874.0,0.0,1,0
27.8,1007.9,983.0,0.0,1,0
27.8,1007.9,740.0,0.059,1,0
27.8,1007.9,456.0,0.059,1,0
27.8,1007.9,137.0,0.059,1,0
33.3,1006.0,94.0,0.0,1,0
70.4,993.6,299.0,0.0,1,1
101.9,992.0,269.0,0.059,1,1
120.4,985.0,131.0,0.0,1,2
27.8,1007.9,11.0,0.176,1,0
120.4,990.0,125.0,0.117,1,2
27.8,1007.9,0.0,0.234,1,0
88.9,1004.0,212.0,0.0,1,1
27.8,1007.9,0.0,0.0,1,0
27.8,1007.9,853.0,0.0,1,0
92.6,1004.0,202.0,0.059,1,1
37.0,1004.8,0.0,0.0,1,0
27.8,1007.9,974.0,0.0,1,0
120.4,1004.0,275.0,0.0,1,2
37.0,1004.8,0.0,0.0,1,0
33.3,1006.0,770.0,0.059,1,0
120.4,1004.0,282.0,0.117,1,2
37.0,1004.8,24.0,0.293,1,0
61.1,996.7,314.0,0.0,1,0
101.9,1004.0,357.0,0.351,1,1
46.3,1001.6,21.0,0.059,1,0
64.8,995.4,286.0,0.0,1,1
64.8,1005.0,414.0,0.41,1,1
55.6,998.5,486.0,0.059,1,0
64.8,995.4,0.0,0.0,1,1
88.9,1007.0,750.0,0.059,1,1
37.0,1004.8,0.0,0.059,1,0
101.9,1007.0,895.0,0.117,1,1
101.9,1005.0,937.0,0.117,1,1
74.1,1005.0,773.0,0.0,1,1
55.6,998.5,635.0,0.058,1,0
37.0,1004.8,496.0,0.0,1,0
37.0,1004.8,533.0,0.227,1,0
46.3,1001.6,55.0,0.284,1,0
46.3,1001.6,43.0,0.341,1,0
46.3,1001.6,505.0,0.625,1,0
70.4,992.0,352.0,0.739,1,1
120.4,973.0,73.0,0.625,1,2
129.6,972.0,42.0,0.625,1,2
61.1,996.7,651.0,0.113,1,0
64.8,995.4,640.0,0.113,1,1
55.6,998.5,489.0,0.057,1,0
64.8,995.4,177.0,0.057,1,1
64.8,995.4,195.0,0.113,1,1
64.8,995.4,299.0,0.057,1,1
61.1,996.7,541.0,0.057,1,0
98.2,996.0,584.0,0.113,1,1
135.2,990.0,614.0,0.0,1,2
172.2,970.0,514.0,0.453,1,2
185.2,970.0,368.0,0.34,1,2
194.5,958.0,60.0,0.057,1,2
55.6,995.0,207.0,0.453,1,0
55.6,995.0,130.0,0.509,1,0
46.3,1001.6,399.0,0.39,0,0
61.1,996.7,534.0,0.167,0,0
64.8,995.4,565.0,0.167,0,1
55.6,998.5,578.0,0.056,1,0
46.3,1002.0,536.0,0.167,1,0
51.9,1001.0,711.0,0.222,1,0
55.6,1000.0,731.0,0.222,1,0
55.6,1000.0,841.0,0.222,1,0
46.3,1002.0,682.0,0.167,1,0
55.6,998.0,762.0,0.167,1,0
55.6,998.0,844.0,0.167,1,0
55.6,1000.0,95.0,0.444,1,0
46.3,1002.0,665.0,0.222,1,0
55.6,1000.0,95.0,0.444,1,0
55.6,996.0,742.0,0.111,1,0
64.8,996.0,696.0,0.167,1,1
64.8,998.0,115.0,0.278,1,1
46.3,1001.6,0.0,0.111,1,0
46.3,1002.0,717.0,0.333,1,0
55.6,1002.0,646.0,0.332,1,0
55.6,1002.0,529.0,0.554,1,0
55.6,1004.0,294.0,0.332,1,0
64.8,995.4,653.0,0.332,1,1
129.6,992.0,304.0,0.332,1,2
157.4,964.4,0.0,0.442,1,2
92.6,986.1,0.0,0.0,1,1
46.3,1001.6,125.0,0.11,1,0
46.3,1001.6,0.0,0.11,1,0
46.3,1001.6,328.0,0.0,1,0
55.6,1002.0,555.0,0.442,1,0
101.9,998.0,563.0,0.607,1,1
129.6,984.0,115.0,0.662,1,2
138.9,984.0,115.0,0.662,1,2
64.8,995.4,0.0,0.276,1,1
42.6,1002.9,396.0,0.0,1,0
55.6,996.0,337.0,0.11,1,0
64.8,998.0,95.0,0.055,1,1
64.8,998.0,68.0,0.055,1,1
42.6,1002.9,466.0,0.055,1,0
64.8,1004.0,123.0,0.11,1,1
61.1,996.7,707.0,0.0,1,0
37.0,1004.8,0.0,0.0,1,0
98.2,1000.0,774.0,0.165,1,1
111.1,998.0,754.0,0.275,1,1
120.4,993.0,682.0,0.11,1,2
83.3,993.0,596.0,0.11,1,1
64.8,995.4,120.0,0.165,1,1
46.3,1001.6,462.0,0.0,0,0
46.3,1001.6,535.0,0.055,0,0
46.3,1001.6,738.0,0.055,0,0
64.8,1006.0,454.0,0.218,0,1
74.1,1002.0,541.0,0.218,0,1
64.8,995.4,434.0,0.437,0,1
51.9,999.8,255.0,0.108,1,0
74.1,998.0,345.0,0.161,1,1
166.7,984.0,502.0,0.484,1,2
200.0,948.0,304.0,0.108,1,2
203.7,948.0,260.0,0.108,1,2
203.7,946.0,67.0,0.054,1,2
166.7,961.3,0.0,0.0,1,2
46.3,1001.6,252.0,0.59,1,0
46.3,1001.6,267.0,0.643,1,0
64.8,995.4,55.0,0.429,1,1
46.3,1001.6,0.0,0.161,1,0
55.6,992.0,138.0,0.375,1,0
46.3,990.0,0.0,0.266,0,0
46.3,992.0,0.0,0.213,0,0
37.0,992.0,67.0,0.425,0,0
37.0,992.0,0.0,0.319,0,0
37.0,992.0,0.0,0.106,0,0
37.0,992.0,0.0,0.0,0,0
83.3,1002.0,516.0,0.684,1,1
185.2,992.0,176.0,0.316,1,2
222.2,988.0,169.0,0.473,1,2
166.7,961.3,0.0,0.105,1,2
55.6,1002.0,155.0,0.0,1,0
107.4,998.0,164.0,0.105,1,1
181.5,986.0,463.0,0.473,1,2
259.3,912.0,115.0,0.735,1,2
259.3,912.0,68.0,0.84,1,2
148.2,967.5,0.0,0.525,1,2
74.1,992.3,0.0,0.577,1,1
55.6,998.5,74.0,0.525,1,0
46.3,1001.6,239.0,0.472,1,0
27.8,1007.9,174.0,0.525,1,0
27.8,1007.9,141.0,0.052,1,0
46.3,1001.6,256.0,0.261,1,0
55.6,998.5,221.0,0.261,1,0
51.9,999.8,179.0,0.104,1,0
55.6,998.5,171.0,0.052,1,0
46.3,1001.6,55.0,0.104,1,0
37.0,1004.8,31.0,0.0,1,0
46.3,998.0,705.0,0.104,1,0
46.3,998.0,587.0,0.209,1,0
46.3,998.0,444.0,0.47,1,0
46.3,1004.0,613.0,0.103,0,0
46.3,1004.0,811.0,0.103,0,0
83.3,1000.0,516.0,0.616,0,1
83.3,998.0,516.0,0.668,0,1
46.3,994.0,121.0,0.654,0,0
46.3,996.0,0.0,0.0,0,0
46.3,1001.6,576.0,0.7,1,0
55.6,1001.0,487.0,0.65,1,0
64.8,1000.0,480.0,0.649,1,1
64.8,998.0,374.0,0.649,1,1
55.6,998.0,258.0,0.35,1,0
46.3,1003.0,186.0,0.4,1,0
46.3,1002.0,298.0,0.0,1,0
55.6,1002.0,504.0,0.649,1,0
64.8,998.0,134.0,0.648,1,1
64.8,998.0,0.0,0.249,1,1
46.3,1001.6,0.0,0.05,1,0
64.8,1004.0,752.0,0.149,1,1
98.2,998.0,438.0,0.497,1,1
120.4,978.0,225.0,0.397,1,2
120.4,968.0,114.0,0.397,1,2
83.3,1001.0,0.0,0.0,1,1
55.6,998.5,49.0,0.099,1,0
55.6,998.5,300.0,0.149,1,0
64.8,995.4,884.0,0.248,1,1
55.6,998.5,964.0,0.199,1,0
46.3,1001.6,549.0,0.05,1,0
46.3,1001.6,433.0,0.198,1,0
55.6,1006.0,439.0,0.049,1,0
70.4,1004.0,203.0,0.198,1,1
107.4,990.0,133.0,0.247,1,1
120.4,970.0,0.0,0.099,1,2
111.1,984.0,0.0,0.049,1,1
74.1,1004.0,0.0,0.049,1,1
74.1,994.0,442.0,0.243,1,1
135.2,970.0,252.0,0.146,1,2
181.5,952.0,352.0,0.34,1,2
203.7,927.0,438.0,0.436,1,2
166.7,944.0,520.0,0.436,1,2
120.4,972.0,498.0,0.582,1,2
92.6,987.0,423.0,0.533,1,1
74.1,994.0,281.0,0.291,1,1
101.9,997.0,0.0,0.097,1,1
46.3,990.0,84.0,0.822,1,0
46.3,994.0,0.0,0.339,1,0
51.9,1002.0,448.0,0.62,0,0
55.6,1000.0,444.0,0.716,0,0
64.8,997.0,505.0,0.525,0,1
64.8,997.0,594.0,0.143,0,1
37.0,1004.0,373.0,0.095,0,0
46.3,1002.0,229.0,0.286,1,0
64.8,997.0,318.0,0.381,1,1
55.6,1000.0,384.0,0.571,1,0
46.3,1002.0,435.0,0.476,1,0
37.0,1004.0,472.0,0.19,1,0
37.0,1004.0,426.0,0.095,1,0
46.3,1000.0,392.0,0.571,1,0
64.8,998.0,75.0,0.714,1,1
64.8,1000.0,0.0,0.476,1,1
46.3,1002.0,373.0,0.474,1,0
55.6,1000.0,194.0,0.427,1,0
55.6,1000.0,168.0,0.379,1,0
55.6,1000.0,241.0,0.522,1,0
92.6,987.0,122.0,0.0,1,1
120.4,976.0,100.0,0.047,1,2
55.6,1000.0,35.0,0.0,1,0
46.3,1002.0,40.0,0.0,1,0
64.8,1000.0,385.0,0.0,1,1
64.8,997.0,450.0,0.047,1,1
46.3,1002.0,615.0,0.0,0,0
46.3,1002.0,904.0,0.0,1,0
64.8,997.0,983.0,0.139,1,1
74.1,994.0,999.0,0.185,1,1
70.4,996.0,554.0,0.093,1,1
83.3,991.0,411.0,0.0,1,1
55.6,1000.0,351.0,0.046,1,0
83.3,991.0,130.0,0.0,1,1
64.8,997.0,330.0,0.0,1,1
83.3,991.0,261.0,0.093,1,1
64.8,997.0,10.0,0.046,1,1
46.3,1002.0,129.0,0.499,1,0
46.3,1004.0,131.0,0.499,1,0
46.3,1002.0,265.0,0.408,1,0
51.9,1001.0,270.0,0.272,1,0
64.8,997.0,272.0,0.453,1,1
101.9,984.0,53.0,0.634,1,1
46.3,1002.0,799.0,0.136,1,0
83.3,991.0,764.0,0.362,1,1
83.3,991.0,713.0,0.316,1,1
64.8,997.0,547.0,0.542,1,1
64.8,1002.0,477.0,0.497,1,1
64.8,1002.0,451.0,0.633,1,1
46.3,1008.0,330.0,0.316,1,0
46.3,1006.0,422.0,0.09,1,0
55.6,1000.0,214.0,0.0,1,0
64.8,997.0,124.0,0.0,1,1
64.8,997.0,115.0,0.09,1,1
64.8,997.0,265.0,0.0,1,1
37.0,1004.0,447.0,0.089,1,0
46.3,1002.0,481.0,0.089,1,0
74.1,994.0,771.0,0.044,1,1
111.1,980.0,631.0,0.089,1,1
111.1,980.0,586.0,0.177,1,1
101.9,984.0,634.0,0.31,1,1
83.3,991.0,480.0,0.575,1,1
70.4,996.0,494.0,0.62,1,1
83.3,991.0,522.0,0.531,1,1
74.1,994.0,593.0,0.62,1,1
61.1,999.0,205.0,0.133,1,0
83.3,991.0,121.0,0.133,1,1
55.6,988.0,23.0,0.483,0,0
55.6,990.0,0.0,0.132,0,0
46.3,992.0,0.0,0.044,0,0
46.3,994.0,0.0,0.0,0,0
46.3,996.0,123.0,0.656,0,0
46.3,996.0,0.0,0.306,0,0
46.3,998.0,149.0,0.609,1,0
46.3,998.0,0.0,0.13,1,0
46.3,998.0,0.0,0.043,1,0
46.3,1000.0,0.0,0.043,1,0
46.3,1002.0,153.0,0.13,1,0
55.6,1000.0,173.0,0.043,1,0
46.3,1002.0,174.0,0.087,1,0
46.3,1002.0,134.0,0.043,1,0
46.3,1002.0,0.0,0.0,1,0
61.1,999.0,443.0,0.217,1,0
64.8,997.0,489.0,0.477,1,1
64.8,997.0,113.0,0.521,1,1
27.8,1006.0,958.0,0.0,1,0
33.3,1005.0,1073.0,0.0,1,0
92.6,988.0,839.0,0.0,1,1
135.2,970.0,762.0,0.043,1,2
148.2,963.0,673.0,0.043,1,2
74.1,994.0,554.0,0.043,1,1
55.6,1000.0,455.0,0.043,1,0
55.6,1000.0,348.0,0.0,1,0
46.3,1002.0,475.0,0.0,1,0
46.3,1002.0,398.0,0.086,1,0
55.6,1000.0,695.0,0.086,1,0
64.8,997.0,589.0,0.173,1,1
88.9,989.0,238.0,0.302,1,1
101.9,984.0,140.0,0.561,1,1
64.8,997.0,0.0,0.216,1,1
55.6,1000.0,186.0,0.212,1,0
64.8,997.0,244.0,0.17,1,1
79.6,993.0,225.0,0.212,1,1
83.3,991.0,229.0,0.212,1,1
83.3,991.0,130.0,0.085,1,1
83.3,990.0,335.0,0.424,1,1
64.8,996.0,259.0,0.212,1,1
27.8,1006.0,500.0,0.636,1,0
46.3,1002.0,235.0,0.17,1,0
61.1,999.0,359.0,0.509,1,0
64.8,997.0,344.0,0.551,1,1
111.1,980.0,177.0,0.466,1,1
120.4,976.0,104.0,0.466,1,2
55.6,996.0,559.0,0.507,1,0
55.6,996.0,557.0,0.296,1,0
46.3,998.0,453.0,0.676,1,0
55.6,994.0,557.0,0.296,1,0
55.6,996.0,284.0,0.253,1,0
46.3,996.0,629.0,0.211,1,0
55.6,992.0,15.0,0.422,1,0
55.6,992.0,0.0,0.0,1,0
46.3,996.0,0.0,0.125,0,0
46.3,1000.0,0.0,0.042,0,0
46.3,998.0,0.0,0.209,0,0
46.3,1002.0,0.0,0.209,0,0
51.9,1001.0,452.0,0.542,0,0
64.8,997.0,326.0,0.125,1,1
64.8,997.0,269.0,0.209,1,1
46.3,1006.0,705.0,0.334,1,0
55.6,1000.0,20.0,0.125,1,0
46.3,1006.0,452.0,0.584,1,0
46.3,1002.0,145.0,0.125,1,0
46.3,1006.0,0.0,0.292,1,0
46.3,1002.0,243.0,0.292,1,0
46.3,1002.0,386.0,0.584,1,0
46.3,1002.0,398.0,0.625,1,0
46.3,1006.0,0.0,0.167,1,0
46.3,1002.0,325.0,0.5,1,0
46.3,1004.0,0.0,0.083,1,0
46.3,1002.0,203.0,0.333,1,0
46.3,1002.0,0.0,0.167,1,0
37.0,1004.0,853.0,0.0,1,0
46.3,1002.0,916.0,0.249,1,0
51.9,1001.0,753.0,0.166,1,0
64.8,997.0,773.0,0.166,1,1
74.1,994.0,848.0,0.166,1,1
64.8,997.0,734.0,0.083,1,1
64.8,997.0,431.0,0.083,1,1
46.3,1002.0,48.0,0.0,1,0
46.3,1002.0,771.0,0.0,1,0
64.8,997.0,366.0,0.042,1,1
70.4,996.0,108.0,0.083,1,1
107.4,982.0,55.0,0.083,1,1
181.5,946.0,169.0,0.207,1,2
213.0,927.0,187.0,0.166,1,2
194.5,938.0,156.0,0.29,1,2
138.9,967.0,10.0,0.041,1,2
166.7,954.0,462.0,0.0,1,2
157.4,958.0,473.0,0.083,1,2
120.4,976.0,324.0,0.207,1,2
101.9,984.0,231.0,0.083,1,1
74.1,994.0,123.0,0.041,1,1
46.3,1002.0,32.0,0.083,1,0
61.1,999.0,1197.0,0.0,1,0
101.9,984.0,1388.0,0.0,1,1
120.4,976.0,1450.0,0.0,1,2
120.4,976.0,1113.0,0.0,1,2
111.1,980.0,832.0,0.083,1,1
83.3,991.0,580.0,0.0,1,1
74.1,994.0,361.0,0.124,1,1
55.6,1000.0,153.0,0.083,1,0
46.3,1002.0,0.0,0.0,1,0
37.0,1004.0,433.0,0.041,0,0
55.6,1000.0,339.0,0.082,0,0
46.3,1002.0,238.0,0.124,0,0
46.3,1002.0,158.0,0.206,0,0
37.0,1004.0,616.0,0.0,0,0
42.6,1003.0,742.0,0.0,0,0
55.6,1000.0,645.0,0.0,0,0
64.8,997.0,616.0,0.0,0,1
64.8,997.0,595.0,0.041,0,1
64.8,997.0,581.0,0.082,0,1
46.3,1002.0,466.0,0.082,0,0
46.3,992.0,98.0,0.081,1,0
46.3,994.0,98.0,0.121,1,0
46.3,990.0,23.0,0.445,1,0
46.3,990.0,0.0,0.081,1,0
46.3,990.0,0.0,0.081,1,0
46.3,990.0,0.0,0.0,1,0
46.3,990.0,0.0,0.0,0,0
46.3,990.0,0.0,0.0,0,0
46.3,990.0,0.0,0.0,0,0
46.3,990.0,0.0,0.0,0,0
46.3,990.0,0.0,0.0,0,0
46.3,992.0,15.0,0.444,0,0
55.6,990.0,15.0,0.444,0,0
55.6,990.0,0.0,0.202,0,0
46.3,992.0,130.0,0.642,0,0
46.3,992.0,0.0,0.0,0,0
46.3,996.0,0.0,0.0,0,0
27.8,1006.0,54.0,0.04,0,0
46.3,996.0,213.0,0.281,0,0
46.3,1000.0,0.0,0.0,0,0
46.3,1002.0,391.0,0.04,0,0
46.3,996.0,212.0,0.241,0,0
46.3,996.0,0.0,0.0,0,0
64.8,997.0,471.0,0.12,0,1
46.3,996.0,169.0,0.12,0,0
88.9,989.0,127.0,0.04,0,1
46.3,1000.0,203.0,0.722,0,0
92.6,987.0,116.0,0.08,0,1
64.8,994.0,56.0,0.601,0,1
64.8,988.0,15.0,0.321,0,1
55.6,1002.0,0.0,0.12,0,0
64.8,997.0,108.0,0.08,0,1
46.3,1004.0,0.0,0.04,0,0
98.2,986.0,100.0,0.12,0,1
101.9,984.0,123.0,0.16,0,1
92.6,987.0,324.0,0.12,0,1
135.2,970.0,243.0,0.2,0,2
166.7,954.0,161.0,0.12,0,2
129.6,972.0,0.0,0.16,0,2
92.6,987.0,45.0,0.08,0,1
51.9,1001.0,113.0,0.521,1,0
74.1,994.0,43.0,0.961,1,1
74.1,994.0,35.0,0.56,1,1
37.0,1004.0,690.0,0.439,1,0
61.1,999.0,325.0,0.319,1,0
64.8,997.0,303.0,0.319,1,1
55.6,1000.0,95.0,0.599,1,0
46.3,1002.0,0.0,0.319,1,0
46.3,1002.0,301.0,0.159,1,0
46.3,1002.0,246.0,0.159,1,0
46.3,1002.0,0.0,0.08,1,0
42.6,1003.0,404.0,0.04,1,0
61.1,999.0,728.0,0.279,1,0
83.3,991.0,739.0,0.159,1,1
83.3,991.0,684.0,0.278,1,1
83.3,991.0,408.0,0.477,1,1
83.3,991.0,404.0,0.557,1,1
64.8,997.0,260.0,0.437,1,1
55.6,1000.0,21.0,0.398,1,0
37.0,1004.0,0.0,0.119,1,0
37.0,1004.0,423.0,0.0,1,0
61.1,999.0,716.0,0.239,1,0
98.2,986.0,778.0,0.318,1,1
101.9,984.0,763.0,0.358,1,1
107.4,982.0,352.0,0.318,1,1
111.1,980.0,307.0,0.358,1,1
101.9,984.0,65.0,0.278,1,1
55.6,1000.0,0.0,0.04,1,0
46.3,1002.0,149.0,0.0,1,0
27.8,1005.0,593.0,0.04,1,0
46.3,1002.0,660.0,0.119,1,0
64.8,997.0,288.0,0.159,1,1
79.6,993.0,214.0,0.397,1,1
83.3,991.0,245.0,0.278,1,1
83.3,991.0,297.0,0.476,1,1
74.1,994.0,377.0,0.556,1,1
64.8,997.0,484.0,0.516,1,1
55.6,1000.0,509.0,0.714,1,0
46.3,1002.0,628.0,0.595,1,0
37.0,1004.0,310.0,0.317,1,0
46.3,1002.0,293.0,0.04,0,0
79.6,993.0,310.0,0.119,0,1
83.3,991.0,328.0,0.119,0,1
64.8,997.0,545.0,0.0,0,1
55.6,1000.0,879.0,0.0,0,0
55.6,1000.0,1164.0,0.04,0,0
55.6,1000.0,696.0,0.079,0,0
46.3,1002.0,360.0,0.198,0,0
61.1,999.0,737.0,0.117,1,0
83.3,991.0,790.0,0.235,1,1
92.6,988.0,606.0,0.313,1,1
157.4,959.0,438.0,0.235,1,2
222.2,922.0,166.0,0.117,1,2
194.5,938.0,67.0,0.039,1,2
27.8,1006.0,156.0,0.583,1,0
46.3,1002.0,123.0,0.505,0,0
64.8,997.0,53.0,0.972,0,1
55.6,982.0,0.0,0.0,0,0
55.6,982.0,0.0,0.039,0,0
46.3,990.0,0.0,0.039,0,0
55.6,988.0,45.0,0.93,0,0
55.6,986.0,0.0,0.31,0,0
55.6,986.0,0.0,0.077,0,0
46.3,990.0,0.0,0.039,0,0
46.3,992.0,70.0,0.658,0,0
46.3,992.0,0.0,0.0,0,0
46.3,990.0,106.0,0.774,0,0
46.3,988.0,0.0,0.077,0,0
46.3,990.0,0.0,0.039,0,0
46.3,992.0,56.0,0.85,0,0
46.3,992.0,0.0,0.039,0,0
46.3,994.0,0.0,0.0,0,0
46.3,994.0,0.0,0.0,0,0
46.3,992.0,123.0,0.695,0,0
46.3,992.0,15.0,0.656,0,0
46.3,1002.0,289.0,0.308,0,0
55.6,1000.0,372.0,0.231,0,0
79.6,993.0,403.0,0.193,0,1
46.3,996.0,0.0,0.077,0,0
92.6,987.0,319.0,0.27,0,1
46.3,996.0,0.0,0.039,0,0
101.9,984.0,250.0,0.231,0,1
46.3,996.0,0.0,0.039,0,0
55.6,1000.0,281.0,0.308,0,0
46.3,996.0,0.0,0.0,0,0
55.6,1000.0,393.0,0.308,0,0
46.3,1002.0,387.0,0.347,0,0
64.8,997.0,187.0,0.462,0,1
64.8,997.0,113.0,0.501,0,1
46.3,1002.0,0.0,0.116,0,0
27.8,1006.0,99.0,0.077,1,0
51.9,1001.0,21.0,0.614,1,0
101.9,984.0,30.0,0.422,1,1
92.6,987.0,15.0,0.461,1,1
33.3,1005.0,991.0,0.0,1,0
55.6,1000.0,1296.0,0.0,1,0
64.8,997.0,1396.0,0.0,1,1
98.2,986.0,1027.0,0.077,1,1
153.7,961.0,418.0,0.077,1,2
250.0,904.0,156.0,0.115,1,2
250.0,904.0,39.0,0.191,1,2
175.9,949.0,31.0,0.038,1,2
166.7,954.0,573.0,0.115,1,2
166.7,954.0,497.0,0.115,1,2
120.4,976.0,195.0,0.229,1,2
101.9,984.0,24.0,0.0,1,1
46.3,1002.0,90.0,0.076,1,0
37.0,1004.0,306.0,0.038,1,0
37.0,1004.0,667.0,0.268,1,0
27.8,1006.0,593.0,0.268,1,0
46.3,998.0,412.0,0.451,1,0
79.6,991.0,316.0,0.226,1,1
120.4,976.0,0.0,0.226,1,2
83.3,989.0,0.0,0.113,1,1
27.8,1006.0,293.0,0.113,1,0
64.8,997.0,588.0,0.188,1,1
107.4,980.0,695.0,0.263,1,1
200.0,943.0,557.0,0.263,1,2
268.5,914.0,509.0,0.15,1,2
250.0,904.0,352.0,0.038,1,2
166.7,956.0,22.0,0.0,1,2
101.9,982.0,73.0,0.0,1,1
27.8,1006.0,0.0,0.038,1,0
51.9,1000.0,540.0,0.599,1,0
55.6,995.0,455.0,0.674,1,0
55.6,1000.0,63.0,0.412,1,0
37.0,1007.0,0.0,0.0,1,0
46.3,1004.0,0.0,0.037,1,0
88.9,987.0,106.0,0.0,1,1
92.6,985.0,56.0,0.037,1,1
46.3,1005.0,0.0,0.0,1,0
51.9,1000.0,340.0,0.262,1,0
83.3,989.0,98.0,0.487,1,1
83.3,989.0,10.0,0.487,1,1
37.0,1007.0,0.0,0.0,1,0
64.8,997.0,865.0,0.185,1,1
74.1,993.0,878.0,0.296,1,1
74.1,993.0,918.0,0.222,1,1
55.6,1000.0,941.0,0.333,1,0
51.9,1002.0,560.0,0.037,1,0
101.9,982.0,688.0,0.185,1,1
200.0,943.0,668.0,0.295,1,2
213.0,937.0,638.0,0.295,1,2
259.3,918.0,475.0,0.369,1,2
259.3,918.0,383.0,0.554,1,2
111.1,978.0,0.0,0.111,1,1
37.0,1007.0,741.0,0.363,1,0
46.3,1004.0,724.0,0.472,1,0
92.6,986.0,554.0,0.508,1,1
138.9,967.0,514.0,0.508,1,2
138.9,967.0,520.0,0.544,1,2
129.6,970.0,511.0,0.617,1,2
194.5,945.0,224.0,0.218,1,2
213.0,937.0,64.0,0.109,1,2
129.6,970.0,0.0,0.073,1,2
46.3,1004.0,0.0,0.0,1,0
46.3,1000.0,767.0,0.181,1,0
46.3,996.0,440.0,0.217,1,0
46.3,992.0,35.0,0.47,1,0
46.3,990.0,0.0,0.036,1,0
37.0,992.0,0.0,0.036,1,0
46.3,988.0,0.0,0.683,0,0
46.3,990.0,0.0,0.18,0,0
55.6,1000.0,160.0,0.609,0,0
83.3,989.0,0.0,0.644,0,1
83.3,989.0,0.0,0.609,0,1
55.6,1000.0,0.0,0.0,0,0
46.3,996.0,0.0,0.0,0,0
46.3,1004.0,723.0,0.071,1,0
55.6,1000.0,277.0,0.036,1,0
55.6,1000.0,219.0,0.036,1,0
55.6,1000.0,46.0,0.0,1,0
46.3,1003.0,165.0,0.071,1,0
46.3,1004.0,318.0,0.357,1,0
61.1,998.0,257.0,0.285,1,0
83.3,989.0,70.0,0.392,1,1
64.8,996.0,0.0,0.25,1,1
33.3,1009.0,801.0,0.285,1,0
37.0,1007.0,785.0,0.32,1,0
61.1,1000.0,532.0,0.676,1,0
83.3,989.0,349.0,0.463,1,1
83.3,989.0,253.0,0.285,1,1
64.8,996.0,0.0,0.391,1,1
42.6,1006.0,10.0,0.178,1,0
74.1,993.0,33.0,0.178,1,1
92.6,985.0,54.0,0.32,1,1
92.6,985.0,15.0,0.32,1,1
37.0,1005.0,0.0,0.0,1,0
55.6,1006.0,491.0,0.036,1,0
55.6,1000.0,527.0,0.036,1,0
64.8,996.0,702.0,0.071,1,1
64.8,996.0,428.0,0.142,1,1
46.3,1004.0,158.0,0.32,1,0
46.3,1004.0,0.0,0.0,1,0
37.0,1007.0,156.0,0.0,1,0
55.6,1000.0,754.0,0.316,1,0
79.6,991.0,315.0,0.281,1,1
92.6,985.0,165.0,0.491,1,1
92.6,985.0,122.0,0.771,1,1
74.1,993.0,0.0,0.105,1,1
46.3,1004.0,429.0,0.454,1,0
61.1,995.0,389.0,0.524,1,0
98.2,984.0,151.0,0.664,1,1
120.4,974.0,0.0,0.419,1,2
55.6,1000.0,0.0,0.0,1,0
46.3,998.0,149.0,0.035,1,0
46.3,998.0,0.0,0.105,1,0
46.3,996.0,46.0,0.174,1,0
55.6,988.0,70.0,0.765,0,0
55.6,992.0,0.0,0.035,0,0
33.3,1009.0,214.0,0.588,0,0
51.9,997.0,112.0,0.83,0,0
74.1,993.0,0.0,0.208,0,1
55.6,1000.0,0.0,0.104,0,0
55.6,990.0,0.0,0.0,0,0
64.8,996.0,427.0,0.138,1,1
92.6,985.0,178.0,0.069,1,1
92.6,985.0,74.0,0.0,1,1
46.3,1004.0,347.0,0.034,1,0
83.3,989.0,381.0,0.206,1,1
83.3,989.0,389.0,0.309,1,1
74.1,993.0,222.0,0.377,1,1
55.6,1000.0,74.0,0.206,1,0
46.3,1007.0,0.0,0.069,1,0
27.8,1010.0,429.0,0.034,1,0
27.8,1010.0,415.0,0.0,1,0
33.3,1009.0,762.0,0.27,1,0
27.8,1010.0,406.0,0.034,1,0
70.4,995.0,697.0,0.473,1,1
42.6,1006.0,194.0,0.034,1,0
116.7,976.0,196.0,0.405,1,1
70.4,995.0,110.0,0.0,1,1
120.4,974.0,183.0,0.54,1,2
83.3,989.0,87.0,0.034,1,1
101.9,982.0,68.0,0.642,1,1
101.9,982.0,99.0,0.068,1,1
92.6,985.0,0.0,0.405,1,1
83.3,989.0,78.0,0.101,1,1
42.6,1005.0,873.0,0.169,1,0
74.1,993.0,720.0,0.202,1,1
153.7,962.0,454.0,0.067,1,2
231.5,929.0,282.0,0.034,1,2
222.2,933.0,197.0,0.135,1,2
166.7,956.0,0.0,0.067,1,2
83.3,989.0,145.0,0.0,1,1
64.8,996.0,170.0,0.0,1,1
55.6,1000.0,0.0,0.0,1,0
46.3,998.0,185.0,0.4,1,0
46.3,998.0,10.0,0.934,1,0
46.3,1002.0,421.0,0.467,1,0
46.3,998.0,314.0,0.4,1,0
55.6,996.0,128.0,0.6,1,0
46.3,998.0,0.0,0.133,1,0
42.6,1006.0,230.0,0.167,1,0
79.6,991.0,293.0,0.233,1,1
148.2,963.0,143.0,0.167,1,2
250.0,922.0,15.0,0.067,1,2
101.9,982.0,0.0,0.0,1,1
55.6,1000.0,0.0,0.0,1,0
33.3,1005.0,126.0,0.0,1,0
37.0,1004.0,78.0,0.0,1,0
46.3,1004.0,264.0,0.033,1,0
55.6,1000.0,448.0,0.0,1,0
74.1,993.0,777.0,0.166,1,1
101.9,982.0,587.0,0.233,1,1
101.9,982.0,523.0,0.366,1,1
83.3,989.0,341.0,0.565,1,1
55.6,1000.0,0.0,0.199,1,0
46.3,1000.0,184.0,0.431,1,0
37.0,1000.0,0.0,0.464,1,0
46.3,1002.0,84.0,0.132,0,0
46.3,1004.0,271.0,0.163,1,0
55.6,1000.0,115.0,0.0,1,0
64.8,996.0,73.0,0.0,1,1
55.6,1000.0,10.0,0.163,1,0
55.6,984.0,0.0,0.228,1,0
64.8,978.0,0.0,0.13,1,1
46.3,984.0,0.0,0.13,1,0
46.3,986.0,0.0,0.065,1,0
46.3,987.0,0.0,0.0,1,0
37.0,990.0,0.0,0.0,1,0
37.0,991.0,0.0,0.0,1,0
37.0,990.0,0.0,0.0,0,0
37.0,992.0,0.0,0.0,0,0
7.4,998.0,15.0,0.549,0,0
7.4,1000.0,0.0,0.129,0,0
27.8,1010.0,511.0,0.516,1,0
61.1,998.0,203.0,0.58,1,0
64.8,996.0,174.0,0.58,1,1
5.6,1004.0,0.0,0.161,1,0
46.3,1004.0,807.0,0.0,1,0
46.3,1004.0,652.0,0.129,1,0
46.3,1002.0,471.0,0.129,1,0
61.1,997.0,119.0,0.032,1,0
88.9,987.0,0.0,0.032,1,1
101.9,982.0,0.0,0.064,1,1
74.1,993.0,24.0,0.097,1,1
46.3,1004.0,64.0,0.0,1,0
46.3,1004.0,1045.0,0.064,1,0
51.9,1002.0,604.0,0.097,1,0
64.8,996.0,498.0,0.129,1,1
64.8,996.0,391.0,0.097,1,1
46.3,1004.0,292.0,0.032,1,0
46.3,1004.0,365.0,0.064,1,0
55.6,1000.0,146.0,0.0,1,0
55.6,1000.0,110.0,0.0,1,0
55.6,1000.0,267.0,0.096,1,0
64.8,996.0,517.0,0.096,1,1
55.6,1000.0,670.0,0.225,1,0
46.3,1004.0,727.0,0.161,1,0
46.3,1004.0,416.0,0.096,1,0
55.6,1001.0,741.0,0.128,1,0
92.6,985.0,764.0,0.224,1,1
116.7,976.0,609.0,0.481,1,1
148.2,963.0,338.0,0.577,1,2
166.7,956.0,214.0,0.545,1,2
120.4,974.0,10.0,0.352,1,2
55.6,1002.0,30.0,0.469,1,0
55.6,1002.0,22.0,0.344,1,0
46.3,1004.0,923.0,0.219,1,0
55.6,1000.0,667.0,0.031,1,0
64.8,996.0,280.0,0.031,1,1
64.8,996.0,221.0,0.0,1,1
46.3,1004.0,0.0,0.0,1,0
42.6,1006.0,557.0,0.25,1,0
55.6,1000.0,350.0,0.343,1,0
74.1,993.0,125.0,0.25,1,1
92.6,985.0,223.0,0.437,1,1
92.6,985.0,207.0,0.437,1,1
64.8,996.0,0.0,0.0,1,1
42.6,1006.0,543.0,0.498,1,0
64.8,996.0,500.0,0.498,1,1
64.8,996.0,489.0,0.467,1,1
55.6,1000.0,440.0,0.654,1,0
46.3,1004.0,328.0,0.374,1,0
46.3,1004.0,307.0,0.311,1,0
46.3,1004.0,147.0,0.498,1,0
46.3,1004.0,0.0,0.187,1,0
61.1,998.0,815.0,0.031,1,0
64.8,996.0,761.0,0.062,1,1
64.8,996.0,420.0,0.155,1,1
37.0,1007.0,59.0,0.0,1,0
42.6,1006.0,233.0,0.0,1,0
70.4,995.0,440.0,0.031,1,1
83.3,989.0,605.0,0.061,1,1
83.3,989.0,714.0,0.246,1,1
83.3,989.0,658.0,0.399,1,1
83.3,989.0,480.0,0.583,1,1
83.3,989.0,384.0,0.276,1,1
83.3,989.0,147.0,0.429,1,1
46.3,996.0,78.0,0.429,1,0
37.0,994.0,0.0,0.398,1,0
37.0,990.0,0.0,0.061,1,0
46.3,990.0,70.0,0.671,0,0
37.0,992.0,0.0,0.0,0,0
37.0,992.0,0.0,0.03,0,0
46.3,990.0,0.0,0.426,0,0
37.0,990.0,0.0,0.091,0,0
37.0,994.0,0.0,0.0,0,0
37.0,998.0,0.0,0.03,0,0
46.3,1004.0,229.0,0.03,1,0
61.1,998.0,333.0,0.03,1,0
111.1,978.0,334.0,0.121,1,1
246.3,924.0,558.0,0.606,1,2
259.3,918.0,383.0,0.242,1,2
259.3,918.0,247.0,0.394,1,2
138.9,967.0,0.0,0.121,1,2
55.6,1000.0,0.0,0.0,1,0
37.0,1007.0,913.0,0.0,1,0
46.3,1004.0,890.0,0.0,1,0
55.6,1000.0,336.0,0.0,1,0
55.6,1000.0,31.0,0.0,1,0
64.8,996.0,204.0,0.03,1,1
55.6,1000.0,235.0,0.181,1,0
46.3,1004.0,1276.0,0.0,1,0
55.6,1000.0,67.0,0.0,1,0
46.3,1004.0,617.0,0.03,1,0
55.6,1000.0,21.0,0.0,1,0
79.6,991.0,335.0,0.151,1,1
46.3,1004.0,283.0,0.03,1,0
83.3,989.0,296.0,0.121,1,1
46.3,1004.0,446.0,0.03,1,0
74.1,993.0,133.0,0.06,1,1
46.3,1004.0,684.0,0.302,1,0
64.8,996.0,0.0,0.091,1,1
46.3,1004.0,660.0,0.423,1,0
46.3,1004.0,0.0,0.0,1,0
55.6,1000.0,593.0,0.363,1,0
55.6,1000.0,523.0,0.363,1,0
64.8,996.0,165.0,0.302,1,1
55.6,1000.0,148.0,0.453,1,0
37.0,1007.0,0.0,0.0,1,0
37.0,1007.0,413.0,0.091,1,0
55.6,1000.0,467.0,0.574,1,0
37.0,1007.0,890.0,0.242,1,0
83.3,989.0,270.0,0.483,1,1
27.8,1010.0,167.0,0.0,1,0
37.0,1007.0,586.0,0.121,1,0
116.7,976.0,186.0,0.362,1,1
37.0,1007.0,92.0,0.03,1,0
37.0,1007.0,163.0,0.0,1,0
129.6,970.0,132.0,0.332,1,2
33.3,1007.0,24.0,0.0,1,0
111.1,978.0,24.0,0.332,1,1
46.3,1004.0,127.0,0.0,1,0
37.0,1007.0,0.0,0.121,1,0
70.4,995.0,306.0,0.03,1,1
107.4,980.0,515.0,0.091,1,1
138.9,967.0,521.0,0.242,1,2
138.9,967.0,559.0,0.332,1,2
129.6,970.0,605.0,0.483,1,2
74.1,993.0,159.0,0.423,1,1
37.0,1007.0,0.0,0.06,1,0
51.9,1002.0,281.0,0.422,1,0
88.9,987.0,355.0,0.452,1,1
116.7,976.0,474.0,0.452,1,1
120.4,974.0,483.0,0.543,1,2
125.9,972.0,343.0,0.573,1,2
157.4,959.0,332.0,0.482,1,2
92.6,985.0,312.0,0.422,1,1
55.6,1000.0,196.0,0.422,1,0
33.3,1009.0,381.0,0.12,0,0
51.9,1001.0,281.0,0.271,0,0
74.1,993.0,150.0,0.361,0,1
74.1,993.0,119.0,0.361,0,1
64.8,996.0,49.0,0.301,0,1
46.3,1004.0,0.0,0.06,0,0
46.3,1004.0,89.0,0.06,0,0
46.3,1004.0,400.0,0.387,1,0
46.3,1000.0,241.0,0.208,1,0
46.3,1000.0,355.0,0.268,1,0
46.3,1004.0,699.0,0.149,1,0
61.1,998.0,478.0,0.119,1,0
98.2,984.0,590.0,0.416,1,1
101.9,982.0,593.0,0.386,1,1
101.9,982.0,618.0,0.208,1,1
46.3,1004.0,489.0,0.119,1,0
37.0,1007.0,400.0,0.059,1,0
46.3,988.0,0.0,0.385,0,0
37.0,990.0,0.0,0.0,0,0
37.0,992.0,0.0,0.03,0,0
55.6,990.0,0.0,0.355,0,0
55.6,990.0,0.0,0.237,0,0
55.6,990.0,0.0,0.0,0,0
46.3,992.0,0.0,0.0,0,0
46.3,994.0,0.0,0.0,0,0
46.3,1004.0,317.0,0.059,1,0
61.1,998.0,444.0,0.059,1,0
98.2,984.0,568.0,0.353,1,1
116.7,976.0,588.0,0.618,1,1
166.7,956.0,354.0,0.559,1,2
213.0,937.0,239.0,0.471,1,2
213.0,937.0,107.0,0.441,1,2
101.9,982.0,0.0,0.059,1,1
46.3,1000.0,0.0,0.0,1,0
33.3,1009.0,799.0,0.118,1,0
51.9,1002.0,838.0,0.088,1,0
70.4,995.0,754.0,0.059,1,1
111.1,978.0,694.0,0.088,1,1
172.2,954.0,585.0,0.059,1,2
213.0,937.0,489.0,0.088,1,2
194.5,944.0,431.0,0.117,1,2
111.1,978.0,488.0,0.176,1,1
55.6,1000.0,437.0,0.117,1,0
37.0,1007.0,391.0,0.029,1,0
61.1,998.0,618.0,0.528,1,0
64.8,996.0,608.0,0.528,1,1
46.3,1004.0,638.0,0.528,1,0
37.0,1007.0,451.0,0.704,1,0
37.0,1007.0,228.0,0.293,1,0
51.9,1002.0,534.0,0.202,1,0
74.1,993.0,535.0,0.202,1,1
92.6,985.0,472.0,0.202,1,1
101.9,982.0,314.0,0.058,1,1
101.9,982.0,253.0,0.087,1,1
83.3,989.0,178.0,0.087,1,1
64.8,996.0,84.0,0.115,1,1
46.3,990.0,172.0,0.404,1,0
46.3,992.0,0.0,0.259,1,0
46.3,990.0,323.0,0.288,1,0
55.6,988.0,38.0,0.144,1,0
55.6,990.0,0.0,0.0,1,0
46.3,996.0,0.0,0.0,0,0
46.3,995.0,0.0,0.0,0,0
46.3,998.0,0.0,0.0,0,0
37.0,994.0,15.0,0.374,0,0
46.3,994.0,10.0,0.345,0,0
46.3,994.0,0.0,0.0,0,0
61.1,996.0,108.0,0.546,0,0
55.6,994.0,0.0,0.0,0,0
79.6,991.0,51.0,0.431,0,1
46.3,996.0,0.0,0.0,0,0
83.3,989.0,42.0,0.402,0,1
46.3,998.0,0.0,0.0,0,0
55.6,1000.0,0.0,0.23,0,0
37.0,994.0,0.0,0.086,0,0
37.0,996.0,0.0,0.029,0,0
46.3,998.0,0.0,0.0,0,0
46.3,998.0,0.0,0.057,0,0
55.6,998.0,0.0,0.057,0,0
55.6,996.0,0.0,0.0,0,0
46.3,998.0,0.0,0.0,0,0
55.6,1000.0,368.0,0.114,1,0
55.6,1000.0,349.0,0.086,1,0
64.8,996.0,396.0,0.2,1,1
55.6,1000.0,430.0,0.143,1,0
46.3,1004.0,439.0,0.229,1,0
37.0,1004.0,461.0,0.286,1,0
51.9,1002.0,1073.0,0.086,1,0
83.3,989.0,1008.0,0.143,1,1
166.7,956.0,704.0,0.143,1,2
240.8,926.0,642.0,0.114,1,2
213.0,937.0,563.0,0.171,1,2
222.2,933.0,114.0,0.0,1,2
203.7,941.0,109.0,0.057,1,2
138.9,967.0,15.0,0.0,1,2
46.3,1003.0,0.0,0.0,1,0
51.9,1002.0,817.0,0.143,1,0
74.1,993.0,826.0,0.143,1,1
92.6,986.0,640.0,0.114,1,1
181.5,950.0,239.0,0.0,1,2
203.7,941.0,44.0,0.029,1,2
55.6,1000.0,163.0,0.513,1,0
129.6,970.0,44.0,0.143,1,2
55.6,999.0,90.0,0.428,1,0
55.6,1000.0,64.0,0.0,1,0
55.6,1000.0,0.0,0.171,1,0
70.4,995.0,108.0,0.478,1,1
83.3,989.0,108.0,0.534,1,1
92.6,985.0,105.0,0.365,1,1
107.4,980.0,124.0,0.59,1,1
111.1,978.0,84.0,0.449,1,1
37.0,996.0,0.0,0.028,1,0
61.1,997.0,253.0,0.084,1,0
74.1,993.0,362.0,0.056,1,1
46.3,1004.0,415.0,0.14,1,0
46.3,996.0,332.0,0.168,1,0
46.3,996.0,0.0,0.307,0,0
55.6,994.0,0.0,0.14,0,0
55.6,994.0,0.0,0.056,0,0
46.3,996.0,0.0,0.0,0,0
37.0,996.0,67.0,0.391,0,0
46.3,994.0,0.0,0.307,0,0
46.3,994.0,0.0,0.0,0,0
46.3,994.0,0.0,0.0,0,0
46.3,994.0,0.0,0.0,0,0
46.3,1003.0,673.0,0.333,1,0
46.3,1004.0,499.0,0.333,1,0
55.6,1000.0,156.0,0.167,1,0
61.1,998.0,246.0,0.139,1,0
74.1,993.0,342.0,0.305,1,1
64.8,996.0,487.0,0.472,1,1
46.3,1004.0,308.0,0.472,1,0
46.3,1005.0,163.0,0.444,1,0
37.0,1007.0,106.0,0.527,1,0
46.3,1004.0,752.0,0.305,1,0
46.3,1004.0,646.0,0.388,1,0
46.3,1002.0,290.0,0.499,1,0
46.3,1000.0,192.0,0.36,1,0
46.3,1000.0,138.0,0.638,1,0
70.4,995.0,493.0,0.083,1,1
83.3,989.0,380.0,0.277,1,1
74.1,993.0,180.0,0.415,1,1
37.0,1007.0,0.0,0.277,1,0
55.6,1000.0,458.0,0.028,1,0
79.6,995.0,633.0,0.221,1,1
83.3,997.0,623.0,0.277,1,1
101.9,982.0,655.0,0.277,1,1
135.2,969.0,503.0,0.553,1,2
157.4,959.0,184.0,0.47,1,2
148.2,963.0,152.0,0.553,1,2
55.6,1005.0,0.0,0.028,1,0
46.3,1004.0,231.0,0.138,1,0
51.9,1002.0,764.0,0.166,1,0
55.6,1000.0,814.0,0.193,1,0
64.8,996.0,519.0,0.028,1,1
64.8,996.0,437.0,0.0,1,1
46.3,1004.0,47.0,0.111,1,0
51.9,1003.0,816.0,0.329,1,0
88.9,991.0,317.0,0.274,1,1
92.6,985.0,235.0,0.274,1,1
55.6,1000.0,0.0,0.0,1,0
64.8,996.0,586.0,0.382,1,1
88.9,989.0,327.0,0.328,1,1
138.9,967.0,85.0,0.491,1,2
148.2,963.0,30.0,0.437,1,2
51.9,988.0,0.0,0.436,1,0
55.6,988.0,0.0,0.327,1,0
46.3,992.0,91.0,0.435,0,0
46.3,994.0,0.0,0.272,0,0
46.3,993.0,0.0,0.0,0,0
37.0,995.0,0.0,0.0,0,0
55.6,1000.0,409.0,0.0,0,0
88.9,987.0,180.0,0.109,0,1
157.4,960.0,148.0,0.027,0,2
185.2,948.0,39.0,0.054,0,2
64.8,996.0,0.0,0.0,0,1
55.6,996.0,0.0,0.189,1,0
55.6,998.0,0.0,0.081,1,0
46.3,999.0,323.0,0.351,1,0
27.8,1010.0,99.0,0.027,1,0
46.3,1004.0,11.0,0.0,1,0
37.0,1007.0,0.0,0.0,1,0
46.3,1005.0,201.0,0.108,1,0
46.3,1004.0,192.0,0.027,1,0
37.0,1007.0,0.0,0.054,1,0
46.3,1004.0,193.0,0.404,1,0
46.3,1004.0,77.0,0.35,1,0
46.3,1004.0,98.0,0.485,1,0
55.6,1000.0,78.0,0.135,1,0
79.6,991.0,155.0,0.027,1,1
116.7,982.0,217.0,0.0,1,1
153.7,973.0,479.0,0.0,1,2
185.2,948.0,553.0,0.027,1,2
166.7,956.0,615.0,0.027,1,2
138.9,967.0,570.0,0.135,1,2
92.6,985.0,245.0,0.215,1,1
46.3,1004.0,745.0,0.108,1,0
51.9,1003.0,608.0,0.511,1,0
83.3,989.0,269.0,0.404,1,1
64.8,996.0,140.0,0.457,1,1
46.3,1009.0,119.0,0.7,1,0
46.3,1006.0,375.0,0.134,0,0
46.3,1006.0,306.0,0.0,0,0
42.6,1006.0,89.0,0.053,1,0
70.4,1002.0,117.0,0.053,1,1
92.6,985.0,99.0,0.053,1,1
120.4,974.0,80.0,0.027,1,2
111.1,978.0,70.0,0.053,1,1
74.1,993.0,0.0,0.0,1,1
61.1,1001.0,542.0,0.08,1,0
98.2,987.0,273.0,0.053,1,1
144.5,970.0,132.0,0.08,1,2
153.7,964.0,201.0,0.027,1,2
185.2,948.0,67.0,0.133,1,2
157.4,963.0,0.0,0.08,1,2
64.8,996.0,0.0,0.0,1,1
61.1,998.0,238.0,0.266,1,0
83.3,989.0,33.0,0.106,1,1
55.6,1000.0,0.0,0.027,1,0
46.3,990.0,30.0,0.345,1,0
55.6,988.0,22.0,0.503,0,0
46.3,992.0,0.0,0.265,0,0
37.0,993.0,0.0,0.0,0,0
46.3,992.0,15.0,0.449,0,0
37.0,996.0,0.0,0.053,0,0
46.3,993.0,0.0,0.555,0,0
46.3,994.0,0.0,0.079,0,0
37.0,994.0,0.0,0.0,0,0
55.6,990.0,0.0,0.369,0,0
46.3,991.0,0.0,0.0,0,0
55.6,1000.0,371.0,0.422,0,0
64.8,995.0,163.0,0.474,0,1
64.8,996.0,0.0,0.053,0,1
46.3,997.0,0.0,0.0,0,0
37.0,1004.0,666.0,0.079,1,0
46.3,1006.0,862.0,0.211,1,0
70.4,995.0,926.0,0.079,1,1
101.9,982.0,694.0,0.105,1,1
61.1,998.0,536.0,0.5,1,0
125.9,972.0,534.0,0.158,1,2
107.4,980.0,351.0,0.553,1,1
157.4,969.0,456.0,0.211,1,2
194.5,944.0,69.0,0.263,1,2
138.9,975.0,416.0,0.132,1,2
185.2,948.0,0.0,0.211,1,2
83.3,989.0,372.0,0.132,1,1
74.1,993.0,0.0,0.184,1,1
74.1,993.0,262.0,0.026,1,1
64.8,1002.0,68.0,0.0,1,1
46.3,1003.0,0.0,0.0,1,0
64.8,1000.0,574.0,0.368,1,1
64.8,996.0,611.0,0.42,1,1
64.8,1004.0,670.0,0.368,1,1
70.4,1002.0,520.0,0.499,1,1
98.2,984.0,367.0,0.551,1,1
148.2,963.0,43.0,0.315,1,2
129.6,970.0,0.0,0.184,1,2
74.1,1004.0,221.0,0.079,1,1
55.6,1006.0,607.0,0.079,1,0
46.3,1004.0,1018.0,0.105,1,0
55.6,1000.0,707.0,0.052,1,0
55.6,1000.0,647.0,0.105,1,0
83.3,989.0,440.0,0.419,1,1
101.9,994.0,303.0,0.393,1,1
92.6,995.0,163.0,0.314,1,1
37.0,1007.0,319.0,0.026,1,0
61.1,1003.0,413.0,0.0,1,0
64.8,1001.0,393.0,0.0,0,1
74.1,999.0,265.0,0.0,0,1
88.9,997.0,111.0,0.052,0,1
92.6,996.0,123.0,0.105,0,1
55.6,1006.0,0.0,0.0,0,0
46.3,1006.0,350.0,0.052,0,0
46.3,1004.0,415.0,0.078,0,0
46.3,1004.0,627.0,0.0,1,0
61.1,1004.0,655.0,0.0,1,0
83.3,998.0,642.0,0.0,1,1
83.3,998.0,684.0,0.052,1,1
144.5,976.0,656.0,0.441,1,2
194.5,955.0,413.0,0.648,1,2
200.0,946.0,246.0,0.519,1,2
277.8,900.0,107.0,0.441,1,2
250.0,918.0,54.0,0.441,1,2
74.1,993.0,0.0,0.052,1,1
33.3,1006.0,375.0,0.052,1,0
55.6,1000.0,417.0,0.103,1,0
88.9,990.0,368.0,0.181,1,1
163.0,961.0,269.0,0.259,1,2
175.9,958.0,280.0,0.284,1,2
185.2,948.0,98.0,0.078,1,2
175.9,952.0,129.0,0.103,1,2
148.2,962.0,230.0,0.233,1,2
120.4,975.0,389.0,0.207,1,2
64.8,994.0,236.0,0.155,1,1
37.0,1007.0,0.0,0.103,1,0
51.9,989.0,53.0,0.618,0,0
55.6,988.0,47.0,0.592,0,0
46.3,999.0,0.0,0.0,0,0
46.3,1000.0,0.0,0.0,0,0
37.0,1007.0,148.0,0.103,0,0
42.6,1003.0,185.0,0.18,0,0
79.6,998.0,319.0,0.308,0,1
157.4,974.0,274.0,0.154,0,2
166.7,969.0,228.0,0.154,0,2
83.3,989.0,0.0,0.0,0,1
37.0,1010.0,0.0,0.026,0,0
46.3,1002.0,0.0,0.051,0,0
46.3,1002.0,0.0,0.026,0,0
46.3,1002.0,0.0,0.0,1,0
37.0,1004.0,766.0,0.205,1,0
46.3,1004.0,356.0,0.128,1,0
74.1,998.0,226.0,0.102,1,1
125.9,982.0,234.0,0.256,1,2
237.1,932.0,488.0,0.41,1,2
250.0,924.0,496.0,0.461,1,2
240.8,929.0,579.0,0.23,1,2
33.3,1008.0,292.0,0.026,1,0
37.0,1007.0,86.0,0.051,1,0
213.0,942.0,517.0,0.179,1,2
55.6,1004.0,185.0,0.077,1,0
64.8,1001.0,304.0,0.051,1,1
157.4,968.0,371.0,0.205,1,2
83.3,999.0,230.0,0.051,1,1
101.9,990.0,21.0,0.128,1,1
74.1,999.0,284.0,0.102,1,1
101.9,992.0,197.0,0.128,1,1
83.3,998.0,0.0,0.026,1,1
46.3,1005.0,321.0,0.0,1,0
88.9,996.0,473.0,0.307,1,1
27.8,1008.0,0.0,0.0,1,0
46.3,1005.0,219.0,0.077,1,0
116.7,990.0,539.0,0.41,1,1
27.8,1008.0,0.0,0.0,1,0
37.0,1007.0,101.0,0.026,1,0
181.5,966.0,623.0,0.179,1,2
37.0,1007.0,268.0,0.077,1,0
194.5,959.0,582.0,0.205,1,2
46.3,1006.0,359.0,0.0,1,0
185.2,963.0,486.0,0.23,1,2
64.8,1002.0,547.0,0.435,1,1
101.9,993.0,441.0,0.205,1,1
79.6,996.0,557.0,0.435,1,1
46.3,1004.0,163.0,0.205,1,0
125.9,984.0,404.0,0.307,1,2
55.6,1004.0,30.0,0.026,1,0
148.2,974.0,296.0,0.333,1,2
46.3,1006.0,52.0,0.026,1,0
194.5,955.0,22.0,0.435,1,2
27.8,1010.0,172.0,0.154,1,0
129.6,983.0,0.0,0.333,1,2
27.8,1010.0,425.0,0.461,1,0
37.0,1007.0,0.0,0.23,1,0
27.8,1007.9,957.0,0.0,1,0
42.6,1005.0,811.0,0.077,1,0
61.1,1004.0,739.0,0.051,1,0
46.3,1004.0,390.0,0.077,1,0
64.8,1002.0,723.0,0.051,1,1
101.9,995.0,444.0,0.255,1,1
74.1,997.0,595.0,0.051,1,1
101.9,993.0,437.0,0.23,1,1
74.1,1000.0,435.0,0.026,1,1
46.3,1009.0,585.0,0.255,1,0
83.3,999.0,220.0,0.128,1,1
37.0,1009.0,805.0,0.153,1,0
74.1,1002.0,0.0,0.051,1,1
51.9,1001.0,727.0,0.026,1,0
55.6,1000.0,688.0,0.0,1,0
46.3,1002.0,259.0,0.077,1,0
61.1,1000.0,563.0,0.227,1,0
107.4,985.0,597.0,0.328,1,1
231.5,926.0,612.0,0.53,1,2
268.5,901.0,520.0,0.606,1,2
231.5,925.0,416.0,0.581,1,2
185.2,947.0,145.0,0.656,1,2
92.6,984.0,0.0,0.025,1,1
46.3,1000.0,0.0,0.126,1,0
46.3,1000.0,0.0,0.126,1,0
46.3,1000.0,0.0,0.126,1,0
37.0,1008.0,274.0,0.126,1,0
61.1,1001.0,286.0,0.202,1,0
125.9,981.0,144.0,0.151,1,2
157.4,968.0,10.0,0.025,1,2
64.8,996.0,0.0,0.0,1,1
46.3,998.0,394.0,0.625,1,0
55.6,997.0,286.0,0.5,1,0
55.6,997.0,10.0,0.275,1,0
37.0,1000.0,0.0,0.0,1,0
46.3,1003.0,465.0,0.5,1,0
46.3,1003.0,543.0,0.375,1,0
46.3,998.0,128.0,0.525,1,0
46.3,998.0,44.0,0.55,1,0
46.3,1006.0,807.0,0.1,1,0
88.9,999.0,204.0,0.075,1,1
185.2,967.0,131.0,0.05,1,2
51.9,1007.0,385.0,0.274,1,0
92.6,1000.0,0.0,0.025,1,1
64.8,1004.0,291.0,0.449,1,1
46.3,1009.0,70.0,0.0,1,0
101.9,991.0,214.0,0.474,1,1
129.6,982.0,114.0,0.424,1,2
92.6,993.0,0.0,0.249,1,1
55.6,1005.0,48.0,0.548,1,0
37.0,1008.0,690.0,0.05,1,0
55.6,1006.0,543.0,0.075,1,0
79.6,1000.0,223.0,0.199,1,1
83.3,999.0,193.0,0.324,1,1
74.1,1000.0,0.0,0.1,1,1
64.8,1000.0,34.0,0.075,1,1
46.3,1003.0,49.0,0.1,1,0
33.3,1007.0,104.0,0.0,1,0
37.0,1004.0,69.0,0.0,1,0
46.3,1004.0,10.0,0.0,1,0
46.3,1005.0,242.0,0.0,1,0
46.3,1003.0,479.0,0.025,1,0
46.3,1004.0,447.0,0.025,1,0
46.3,1005.0,275.0,0.05,1,0
55.6,1002.0,139.0,0.124,1,0
37.0,1006.0,22.0,0.05,1,0
46.3,1000.0,244.0,0.025,1,0
46.3,1002.0,93.0,0.0,1,0
51.9,998.0,416.0,0.074,1,0
88.9,989.0,221.0,0.172,1,1
138.9,970.0,126.0,0.025,1,2
218.5,937.0,118.0,0.099,1,2
222.2,931.0,126.0,0.099,1,2
166.7,959.0,0.0,0.049,1,2
55.6,998.0,0.0,0.0,1,0
64.8,994.0,502.0,0.542,1,1
98.2,982.0,360.0,0.369,1,1
120.4,975.0,180.0,0.517,1,2
111.1,977.0,63.0,0.714,1,1
46.3,993.0,0.0,0.049,1,0
51.9,991.0,23.0,0.709,0,0
55.6,990.0,10.0,0.635,0,0
55.6,990.0,0.0,0.0,0,0
27.8,1008.0,151.0,0.024,0,0
51.9,1004.0,289.0,0.073,0,0
64.8,1001.0,44.0,0.0,0,1
51.9,1001.0,63.0,0.122,0,0
46.3,1007.0,0.0,0.024,0,0
61.1,1003.0,352.0,0.44,0,0
74.1,996.0,291.0,0.439,0,1
74.1,991.0,30.0,0.366,0,1
55.6,997.0,0.0,0.146,0,0
33.3,1003.0,0.0,0.024,0,0
51.9,1000.0,10.0,0.098,0,0
70.4,996.0,189.0,0.049,0,1
107.4,983.0,150.0,0.024,1,1
129.6,976.0,101.0,0.024,1,2
129.6,977.0,67.0,0.049,1,2
64.8,996.0,0.0,0.0,1,1
46.3,1002.0,682.0,0.171,1,0
46.3,1002.0,748.0,0.171,1,0
27.8,1010.0,598.0,0.073,1,0
37.0,1007.0,647.0,0.17,1,0
55.6,1002.0,217.0,0.487,1,0
74.1,1001.0,65.0,0.462,1,1
46.3,1000.0,251.0,0.511,1,0
46.3,1000.0,0.0,0.292,1,0
37.0,1006.0,220.0,0.024,1,0
46.3,1007.0,526.0,0.0,1,0
61.1,1005.0,628.0,0.51,1,0
64.8,1003.0,536.0,0.68,1,1
64.8,1003.0,247.0,0.437,1,1
55.6,1004.0,169.0,0.486,1,0
27.8,1010.0,22.0,0.535,1,0
46.3,1004.0,336.0,0.024,0,0
64.8,1006.0,336.0,0.604,0,1
74.1,998.0,320.0,0.58,0,1
46.3,1004.0,258.0,0.58,0,0
51.9,1001.0,478.0,0.048,0,0
55.6,1000.0,443.0,0.048,0,0
55.6,1000.0,103.0,0.048,0,0
37.0,1003.0,0.0,0.048,0,0
33.3,1008.0,272.0,0.0,1,0
61.1,1000.0,519.0,0.0,1,0
101.9,989.0,755.0,0.216,1,1
120.4,981.0,759.0,0.265,1,2
116.7,980.0,294.0,0.529,1,1
120.4,976.0,263.0,0.601,1,2
74.1,991.0,55.0,0.433,1,1
46.3,1000.0,15.0,0.409,1,0
37.0,1007.0,86.0,0.577,1,0
46.3,1000.0,24.0,0.048,1,0
46.3,992.0,53.0,0.12,0,0
46.3,992.0,39.0,0.072,0,0
46.3,990.0,0.0,0.335,0,0
46.3,998.0,208.0,0.12,0,0
74.1,986.0,301.0,0.12,0,1
64.8,987.0,359.0,0.048,0,1
37.0,999.0,128.0,0.072,0,0
46.3,994.0,0.0,0.43,0,0
46.3,994.0,0.0,0.0,0,0
46.3,994.0,0.0,0.0,0,0
55.6,999.0,0.0,0.0,0,0
70.4,996.0,119.0,0.454,0,1
83.3,990.0,44.0,0.406,0,1
55.6,998.0,0.0,0.072,0,0
46.3,994.0,0.0,0.0,0,0
46.3,995.0,0.0,0.0,0,0
37.0,997.0,0.0,0.0,0,0
46.3,998.0,0.0,0.286,0,0
37.0,999.0,0.0,0.072,0,0
37.0,1008.0,362.0,0.0,1,0
55.6,1005.0,435.0,0.428,1,0
70.4,1003.0,376.0,0.476,1,1
83.3,997.0,251.0,0.357,1,1
46.3,1000.0,0.0,0.048,1,0
46.3,1005.0,483.0,0.309,1,0
46.3,1003.0,440.0,0.546,1,0
46.3,1004.0,121.0,0.546,1,0
37.0,1007.0,115.0,0.0,1,0
42.6,1005.0,555.0,0.071,1,0
79.6,997.0,527.0,0.166,1,1
92.6,990.0,350.0,0.332,1,1
101.9,989.0,335.0,0.427,1,1
101.9,991.0,207.0,0.498,1,1
55.6,1002.0,0.0,0.237,1,0
42.6,1008.0,166.0,0.213,1,0
79.6,999.0,360.0,0.237,1,1
92.6,994.0,390.0,0.261,1,1
83.3,1000.0,629.0,0.119,1,1
64.8,1003.0,926.0,0.119,1,1
46.3,1005.0,737.0,0.166,1,0
46.3,1004.0,455.0,0.213,1,0
37.0,1012.0,148.0,0.119,1,0
46.3,1004.0,385.0,0.308,1,0
46.3,1004.0,361.0,0.521,1,0
46.3,1004.0,431.0,0.45,1,0
46.3,1004.0,110.0,0.332,1,0
46.3,1004.0,590.0,0.142,0,0
46.3,1004.0,337.0,0.307,0,0
46.3,1004.0,119.0,0.331,0,0
46.3,1004.0,0.0,0.142,0,0
46.3,1004.0,481.0,0.094,1,0
51.9,996.0,738.0,0.117,1,0
61.1,993.0,798.0,0.258,1,0
116.7,983.0,731.0,0.352,1,1
200.0,948.0,566.0,0.54,1,2
264.8,912.0,254.0,0.329,1,2
268.5,908.0,200.0,0.329,1,2
37.0,1002.0,0.0,0.0,1,0
64.8,994.0,945.0,0.211,1,1
153.7,978.0,880.0,0.234,1,2
157.4,976.0,866.0,0.211,1,2
138.9,974.0,829.0,0.211,1,2
70.4,989.0,133.0,0.445,1,1
153.7,967.0,608.0,0.469,1,2
83.3,991.0,122.0,0.445,1,1
203.7,944.0,553.0,0.445,1,2
55.6,996.0,38.0,0.516,1,0
175.9,950.0,449.0,0.492,1,2
166.7,955.0,312.0,0.305,1,2
175.9,945.0,276.0,0.281,1,2
157.4,955.0,279.0,0.281,1,2
101.9,976.0,168.0,0.164,1,1
83.3,983.0,0.0,0.094,1,1
55.6,991.0,0.0,0.0,1,0
46.3,991.0,0.0,0.0,1,0
37.0,995.0,0.0,0.0,1,0
55.6,1000.0,291.0,0.374,0,0
74.1,987.0,85.0,0.444,0,1
74.1,988.0,89.0,0.444,0,1
51.9,990.0,0.0,0.023,0,0
46.3,990.0,0.0,0.0,0,0
46.3,1002.0,78.0,0.093,0,0
46.3,1003.0,0.0,0.023,1,0
51.9,1006.0,901.0,0.046,1,0
83.3,1000.0,653.0,0.046,1,1
27.8,1010.0,725.0,0.256,1,0
194.5,958.0,265.0,0.07,1,2
51.9,1000.0,407.0,0.581,1,0
194.5,959.0,162.0,0.116,1,2
55.6,999.0,412.0,0.558,1,0
157.4,976.0,190.0,0.046,1,2
120.4,988.0,221.0,0.534,1,2
83.3,999.0,10.0,0.023,1,1
166.7,970.0,91.0,0.627,1,2
64.8,1004.0,0.0,0.325,1,1
37.0,1007.0,558.0,0.046,1,0
37.0,1006.0,559.0,0.371,1,0
51.9,999.0,338.0,0.418,1,0
61.1,998.0,183.0,0.603,1,0
74.1,995.0,44.0,0.418,1,1
37.0,1005.0,0.0,0.116,1,0
27.8,1008.0,675.0,0.07,1,0
46.3,1000.0,409.0,0.348,1,0
61.1,994.0,307.0,0.672,1,0
98.2,991.0,147.0,0.487,1,1
120.4,985.0,21.0,0.44,1,2
111.1,987.0,15.0,0.394,1,1
55.6,997.0,0.0,0.162,1,0
33.3,997.0,594.0,0.55,1,0
46.3,994.0,524.0,0.527,1,0
64.8,986.0,246.0,0.481,1,1
111.1,977.0,11.0,0.39,1,1
92.6,980.0,0.0,0.229,1,1
37.0,995.0,0.0,0.046,1,0
46.3,992.0,88.0,0.434,0,0
46.3,991.0,10.0,0.411,0,0
42.6,992.0,0.0,0.0,0,0
55.6,990.0,0.0,0.0,0,0
55.6,990.0,0.0,0.0,0,0
46.3,993.0,0.0,0.0,0,0
55.6,995.0,0.0,0.0,0,0
55.6,995.0,0.0,0.0,0,0
55.6,995.0,0.0,0.0,0,0
55.6,1000.0,0.0,0.068,0,0
70.4,988.0,0.0,0.091,0,1
74.1,987.0,15.0,0.114,0,1
74.1,990.0,177.0,0.068,0,1
46.3,998.0,103.0,0.433,0,0
74.1,992.0,224.0,0.023,0,1
46.3,997.0,0.0,0.114,0,0
46.3,989.0,199.0,0.159,0,0
37.0,999.0,0.0,0.023,0,0
27.8,995.0,237.0,0.091,0,0
55.6,993.0,113.0,0.478,0,0
55.6,991.0,67.0,0.501,0,0
46.3,995.0,0.0,0.0,0,0
46.3,994.0,0.0,0.0,0,0
46.3,994.0,0.0,0.0,0,0
37.0,995.0,0.0,0.0,0,0
51.9,991.0,0.0,0.296,0,0
55.6,990.0,0.0,0.341,0,0
55.6,989.0,0.0,0.205,0,0
55.6,990.0,0.0,0.068,0,0
46.3,992.0,0.0,0.0,0,0
37.0,1002.0,824.0,0.091,1,0
46.3,1001.0,777.0,0.114,1,0
37.0,1002.0,469.0,0.091,1,0
37.0,1002.0,458.0,0.5,1,0
46.3,1000.0,305.0,0.545,1,0
37.0,1004.0,238.0,0.204,1,0
61.1,995.0,417.0,0.431,1,0
107.4,989.0,283.0,0.545,1,1
120.4,986.0,160.0,0.681,1,2
101.9,991.0,0.0,0.522,1,1
37.0,1000.0,0.0,0.454,1,0
46.3,998.0,724.0,0.0,1,0
51.9,997.0,379.0,0.045,1,0
55.6,997.0,346.0,0.045,1,0
55.6,996.0,161.0,0.091,1,0
55.6,995.0,94.0,0.272,1,0
55.6,996.0,178.0,0.431,1,0
79.6,993.0,155.0,0.453,1,1
83.3,992.0,120.0,0.544,1,1
83.3,991.0,0.0,0.272,1,1
37.0,1000.0,0.0,0.159,1,0
37.0,1001.0,108.0,0.113,1,0
37.0,1001.0,427.0,0.159,1,0
46.3,1003.0,337.0,0.385,1,0
46.3,1002.0,364.0,0.611,1,0
46.3,998.0,31.0,0.067,1,0
55.6,986.0,33.0,0.583,1,0
46.3,990.0,0.0,0.09,1,0
37.0,996.0,0.0,0.156,0,0
37.0,996.0,0.0,0.022,0,0
37.0,993.0,0.0,0.0,0,0
46.3,993.0,0.0,0.0,0,0
46.3,993.0,0.0,0.0,0,0
46.3,993.0,0.0,0.0,0,0
46.3,988.0,35.0,0.469,0,0
46.3,988.0,0.0,0.0,0,0
37.0,996.0,33.0,0.334,0,0
37.0,996.0,0.0,0.29,0,0
63.0,1001.0,298.0,0.067,0,1
114.8,987.0,216.0,0.111,0,1
172.2,964.0,39.0,0.134,0,2
164.8,967.0,86.0,0.134,0,2
64.8,998.0,0.0,0.045,0,1
46.3,998.0,0.0,0.0,0,0
55.6,996.0,0.0,0.0,0,0
55.6,995.0,0.0,0.0,0,0
46.3,998.0,0.0,0.022,0,0
46.3,1000.0,40.0,0.045,0,0
63.0,1000.0,756.0,0.0,0,1
100.0,991.0,455.0,0.0,0,1
105.6,992.0,11.0,0.044,0,1
133.3,983.0,403.0,0.067,0,2
46.3,998.0,64.0,0.489,0,0
137.0,982.0,491.0,0.133,0,2
46.3,998.0,0.0,0.289,0,0
148.2,970.0,0.0,0.044,0,2
37.0,999.0,0.0,0.022,0,0
92.6,985.0,0.0,0.044,0,1
64.8,997.0,370.0,0.467,1,1
46.3,1001.0,70.0,0.133,1,0
64.8,994.0,169.0,0.445,1,1
55.6,1000.0,208.0,0.311,1,0
46.3,999.0,0.0,0.111,1,0
98.2,990.0,294.0,0.178,1,1
137.0,976.0,310.0,0.089,1,2
129.6,980.0,220.0,0.2,1,2
94.5,989.0,222.0,0.089,1,1
55.6,999.0,231.0,0.111,1,0
37.0,1002.0,914.0,0.0,1,0
37.0,1001.0,853.0,0.0,1,0
37.0,1001.0,418.0,0.266,1,0
37.0,1001.0,309.0,0.311,1,0
51.9,1001.0,729.0,0.333,1,0
42.6,1001.0,721.0,0.2,1,0
72.2,998.0,569.0,0.422,1,1
46.3,1000.0,663.0,0.311,1,0
83.3,996.0,400.0,0.488,1,1
46.3,1000.0,520.0,0.466,1,0
83.3,997.0,238.0,0.444,1,1
46.3,1000.0,355.0,0.355,1,0
64.8,1000.0,0.0,0.222,1,1
46.3,1000.0,413.0,0.466,1,0
46.3,1000.0,337.0,0.266,1,0
83.3,996.0,50.0,0.0,1,1
83.3,997.0,11.0,0.022,1,1
51.9,1004.0,114.0,0.111,1,0
46.3,1005.0,50.0,0.0,1,0
64.8,1003.0,24.0,0.089,1,1
53.7,1003.0,177.0,0.0,1,0
64.8,1002.0,0.0,0.155,1,1
53.7,1003.0,239.0,0.0,1,0
64.8,1003.0,11.0,0.266,1,1
46.3,1005.0,269.0,0.0,1,0
53.7,1003.0,87.0,0.354,1,0
53.7,1005.0,75.0,0.51,1,0
46.3,1005.0,43.0,0.509,1,0
