local_seismic_density,max_magnitude_nearby,avg_depth_km,recent_activity_rate_30d,days_since_major_quake,fault_dist_km,seismic_zone_factor,label,year,grid_cell
0.0,0.0,35.0,0,3650.0,131.1,0.36,2,1970,9_92
0.0,0.0,35.0,0,3650.0,21.5,0.36,2,1970,25_95
0.0,0.0,35.0,0,3650.0,14.0,0.36,2,1970,9_93
0.0,0.0,35.0,0,3650.0,21.7,0.36,2,1971,11_95
0.0,0.0,35.0,0,3650.0,166.8,0.36,2,1971,32_95
0.88,5.8,10.0,1,0,163.6,0.36,2,1971,32_95
0.0,0.0,35.0,0,3650.0,15.3,0.36,2,1971,30_84
0.0,0.0,35.0,0,3650.0,11.6,0.24,2,1971,32_92
0.774,5.14,15.0,0,3650.0,5.8,0.36,2,1971,25_96
1.548,5.55,12.5,1,0,7.8,0.36,2,1971,25_96
3.089,6.18,12.5,3,0,2.6,0.36,2,1971,25_96
0.0,0.0,35.0,0,3650.0,28.5,0.36,2,1971,7_94
0.0,0.0,35.0,0,3650.0,10.4,0.36,2,1971,26_93
0.0,0.0,35.0,0,3650.0,93.7,0.36,2,1971,13_95
0.0,0.0,35.0,0,3650.0,9.4,0.36,2,1971,36_70
0.678,6.28,16.3,0,130,66.3,0.36,2,1971,12_94
1.338,6.28,18.8,1,6,46.1,0.36,2,1971,12_95
0.0,0.0,35.0,0,3650.0,8.0,0.36,2,1971,22_95
0.6,5.79,15.0,1,3,7.8,0.36,2,1971,23_95
0.579,5.59,37.2,0,548,118.7,0.36,2,1971,10_92
0.533,5.31,75.0,0,3650.0,30.1,0.36,2,1971,25_94
0.0,0.0,35.0,0,3650.0,15.8,0.36,2,1972,37_75
0.517,5.93,201.6,0,169,6.3,0.36,2,1972,36_70
0.0,0.0,35.0,0,3650.0,6.9,0.36,2,1972,17_94
0.423,5.46,211.1,0,3650.0,16.6,0.36,2,1972,36_69
1.666,6.17,172.1,0,169,49.2,0.36,2,1972,36_71
0.0,0.0,35.0,0,3650.0,30.0,0.24,2,1972,31_91
0.0,0.0,35.0,0,3650.0,61.6,0.36,2,1972,7_93
0.785,5.3,13.8,2,3650.0,26.6,0.36,2,1972,36_96
1.564,5.31,15.0,0,3650.0,57.2,0.24,2,1972,35_73
4.688,6.2,18.0,9,0,50.2,0.24,2,1972,35_73
0.0,0.0,35.0,0,3650.0,10.1,0.36,2,1972,34_69
1.09,6.28,19.6,0,459,45.6,0.36,2,1972,12_95
1.087,6.18,21.2,0,144,16.5,0.36,2,1972,35_69
0.0,0.0,35.0,0,3650.0,672.5,0.1,2,1972,11_85
0.348,5.72,10.0,0,54,15.1,0.36,2,1972,34_70
0.681,5.16,16.9,0,3650.0,4.2,0.36,2,1973,29_68
0.0,0.0,35.0,0,3650.0,96.3,0.36,2,1973,6_91
0.91,5.31,62.1,0,3650.0,12.7,0.36,2,1973,24_93
0.588,5.63,47.4,0,611,111.3,0.36,2,1973,10_92
0.0,0.0,35.0,0,3650.0,9.5,0.24,2,1973,35_86
0.0,0.0,35.0,0,3650.0,4.7,0.24,2,1973,31_83
0.585,6.9,21.5,2,0,14.5,0.24,2,1973,35_86
0.285,5.45,15.0,0,3650.0,5.7,0.24,2,1973,33_86
0.0,0.0,35.0,0,3650.0,797.9,0.1,2,1973,7_84
0.84,5.5,21.0,1,22,4.4,0.24,2,1973,33_86
10.063,6.17,169.8,4,465,36.3,0.36,2,1973,36_71
0.499,5.7,39.5,0,221,76.2,0.36,2,1974,11_92
0.748,6.0,34.7,1,0,77.2,0.36,2,1974,11_92
0.487,5.41,21.5,0,3650.0,72.7,0.36,2,1974,27_86
10.597,6.17,163.9,2,208,13.4,0.36,2,1974,36_70
14.126,6.18,163.2,3,77,2.3,0.36,2,1974,36_70
14.689,6.5,171.1,4,37,10.5,0.36,2,1974,36_70
0.216,5.24,15.0,0,3650.0,3.5,0.36,2,1974,28_85
15.971,6.5,168.0,3,95,26.2,0.36,2,1974,36_70
1.847,5.31,28.3,0,3650.0,6.8,0.36,2,1974,35_72
0.405,5.3,35.0,1,3650.0,24.6,0.24,2,1975,32_78
0.608,6.8,34.3,2,0,8.9,0.24,2,1975,31_78
0.405,5.31,14.2,0,3650.0,44.1,0.36,2,1975,14_96
0.607,5.5,14.5,1,1,77.7,0.36,2,1975,14_95
0.0,0.0,35.0,0,3650.0,3.2,0.36,2,1975,17_97
1.178,6.9,26.2,0,612,4.2,0.24,2,1975,35_86
2.545,5.6,23.4,2,792,6.8,0.36,2,1975,29_68
0.961,5.14,31.2,2,3650.0,25.5,0.24,2,1975,35_79
1.153,6.3,31.5,3,0,14.3,0.24,2,1975,35_80
0.383,5.36,24.8,0,3650.0,22.2,0.36,2,1975,33_92
18.101,6.5,170.2,4,155,32.8,0.36,2,1975,36_70
1.71,5.2,29.4,3,3650.0,10.3,0.24,2,1975,35_80
0.756,5.44,41.6,0,3650.0,8.3,0.36,2,1975,26_97
2.639,6.3,33.1,3,36,27.2,0.36,2,1975,35_79
0.556,5.21,71.0,0,3650.0,4.8,0.36,2,1975,21_94
5.131,6.8,34.7,4,190,14.9,0.36,2,1975,32_78
0.651,6.5,137.5,0,272,59.0,0.36,2,1976,21_95
1.455,5.7,46.0,0,1017,126.3,0.36,2,1976,10_92
2.161,6.16,39.6,0,1846,26.0,0.36,2,1976,6_94
1.847,5.6,42.0,0,440,6.4,0.36,2,1976,26_97
0.152,4.9,71.0,0,3650.0,38.1,0.24,2,1976,29_89
26.51,6.5,171.3,6,562,19.0,0.36,2,1976,36_71
2.49,5.9,34.5,0,128,72.6,0.36,2,1976,7_93
0.866,5.6,24.2,0,1602,18.9,0.36,2,1977,37_95
0.69,5.18,43.4,0,3650.0,30.3,0.24,2,1977,21_92
27.517,6.5,171.5,6,187,9.9,0.36,2,1977,36_70
0.129,4.9,33.0,0,3650.0,17.9,0.24,2,1977,32_88
0.751,5.1,59.7,0,3650.0,123.6,0.36,2,1978,12_93
1.002,5.5,53.0,2,0,127.9,0.36,2,1978,12_93
0.0,0.0,35.0,0,3650.0,19.5,0.24,2,1978,33_82
30.661,6.5,167.7,4,322,38.3,0.36,2,1978,36_71
0.0,0.0,35.0,0,3650.0,71.6,0.36,2,1978,16_95
32.441,6.5,169.8,3,184,14.8,0.36,2,1978,36_70
0.0,0.0,35.0,0,3650.0,75.8,0.36,2,1979,32_96
0.216,5.0,28.0,0,3650.0,89.9,0.36,2,1979,30_80
32.671,6.5,169.0,2,245,35.0,0.36,2,1979,36_71
27.53,6.5,169.0,6,55,8.7,0.36,2,1979,36_70
0.104,4.8,37.0,0,3650.0,14.6,0.36,2,1979,18_94
2.131,6.4,40.4,0,1225,6.8,0.36,2,1979,27_97
1.1,5.22,70.5,0,3650.0,9.3,0.36,2,1980,36_76
0.0,0.0,35.0,0,3650.0,31.5,0.36,2,1980,6_92
0.199,5.2,33.0,0,3650.0,3.2,0.24,2,1980,30_88
1.147,5.4,34.8,0,3650.0,64.7,0.36,2,1980,29_81
1.243,5.9,34.7,1,0,66.3,0.36,2,1980,29_81
0.0,0.0,35.0,0,3650.0,61.1,0.36,2,1980,15_94
0.0,0.0,35.0,0,3650.0,749.2,0.24,2,1980,17_73
0.376,5.4,28.5,1,3650.0,4.0,0.24,2,1980,35_82
0.934,6.34,37.9,0,3003,95.8,0.36,2,1980,8_93
0.371,5.12,24.0,0,3650.0,28.1,0.24,2,1980,27_88
32.538,6.5,165.4,1,564,47.1,0.36,2,1981,36_71
32.817,6.5,164.6,2,43,45.5,0.36,2,1981,36_71
2.411,5.63,92.6,2,3404,47.9,0.36,2,1981,24_95
34.947,6.5,168.2,5,68,31.0,0.36,2,1981,36_71
4.341,6.8,36.0,0,2130,18.4,0.24,2,1981,31_78
0.088,4.6,33.0,0,3650.0,57.9,0.24,2,1981,34_91
3.799,6.2,29.3,0,2449,59.2,0.24,2,1981,35_73
2.73,6.1,40.9,1,1364,114.6,0.36,2,1981,12_92
2.346,6.16,51.3,1,1865,56.0,0.36,2,1982,6_94
2.848,6.3,46.6,5,0,68.6,0.36,2,1982,7_93
0.167,4.5,38.5,0,3650.0,13.1,0.24,2,1982,31_82
0.167,6.5,33.0,1,0,6.4,0.24,2,1982,31_82
0.0,0.0,35.0,0,3650.0,577.6,0.1,2,1982,18_86
4.156,6.3,43.6,0,122,48.4,0.36,2,1982,7_94
1.175,5.72,86.7,0,3613,4.8,0.36,2,1982,34_70
6.387,6.18,89.7,1,3650.0,32.6,0.36,2,1982,36_69
1.39,5.6,50.3,0,1812,174.7,0.36,2,1983,12_93
3.027,5.7,91.5,1,856,16.8,0.36,2,1983,25_94
36.525,6.5,164.0,3,862,22.5,0.36,2,1983,36_71
34.14,6.5,161.7,2,47,51.1,0.36,2,1983,36_71
7.073,6.6,86.4,1,371,35.1,0.36,2,1983,35_69
36.748,6.5,163.9,4,61,2.6,0.36,2,1983,36_70
37.478,7.4,164.4,20,27,26.7,0.36,2,1984,36_71
1.432,5.72,88.8,0,438,7.0,0.36,2,1984,34_70
37.688,7.4,163.6,9,20,12.1,0.36,2,1984,36_70
3.841,5.7,88.6,1,188,2.6,0.36,2,1984,24_94
39.347,7.4,161.1,10,35,31.9,0.36,2,1984,36_71
38.288,7.4,163.9,7,27,16.3,0.36,2,1984,36_70
38.751,7.4,162.3,5,4,9.2,0.36,2,1984,36_70
1.687,5.9,59.1,0,3650.0,14.5,0.36,2,1984,24_93
1.683,6.5,33.5,0,1388,26.8,0.36,2,1984,29_81
38.312,7.4,163.6,3,68,12.9,0.36,2,1984,36_70
13.487,6.6,119.5,0,193,18.9,0.36,2,1984,36_69
4.651,5.4,35.2,49,3650.0,29.3,0.36,2,1984,10_94
35.733,7.4,166.6,2,50,34.1,0.36,2,1984,36_70
2.298,6.4,45.9,0,1804,4.5,0.36,2,1984,26_97
0.941,6.0,35.9,0,238,15.5,0.36,2,1984,24_92
0.939,5.2,42.0,0,3650.0,31.9,0.36,2,1985,27_91
0.724,6.9,31.2,0,3650.0,5.7,0.24,2,1985,35_87
1.974,6.34,37.8,4,1638,60.8,0.36,2,1985,8_93
0.197,5.3,25.5,1,3650.0,13.5,0.36,2,1985,30_70
0.328,5.9,29.4,3,2,15.3,0.36,2,1985,30_70
0.786,6.9,31.3,1,29,0.7,0.24,2,1985,35_87
0.065,5.5,24.0,0,1179,506.5,0.1,2,1985,18_87
40.044,7.4,162.3,7,340,22.6,0.36,2,1985,36_70
1.293,5.2,30.9,0,3650.0,76.1,0.36,2,1985,29_95
41.567,7.4,159.3,33,3,19.8,0.36,2,1985,36_70
0.45,5.1,32.1,2,3650.0,8.2,0.36,2,1985,25_97
0.817,5.72,66.0,0,3650.0,22.5,0.36,2,1986,34_69
46.732,7.4,149.7,7,164,25.6,0.36,2,1986,36_71
2.193,6.34,40.1,0,277,12.7,0.36,2,1986,8_94
47.406,7.4,149.0,11,56,16.4,0.36,2,1986,36_70
1.173,5.4,44.5,1,3650.0,44.2,0.36,2,1986,32_76
48.951,7.4,147.8,11,45,25.5,0.36,2,1986,36_71
48.491,7.4,148.1,14,11,3.7,0.36,2,1986,36_70
2.454,6.34,43.0,0,125,55.7,0.36,2,1986,9_93
3.548,6.2,49.6,0,1489,22.7,0.36,2,1986,7_94
0.428,5.3,33.6,0,3650.0,5.2,0.36,2,1986,31_86
0.977,5.68,26.5,1,3650.0,20.6,0.36,2,1986,15_96
1.099,5.68,26.8,2,0,32.1,0.36,2,1986,15_96
0.793,5.2,31.2,0,3650.0,18.0,0.24,2,1986,34_80
0.974,5.6,39.7,0,1874,80.0,0.24,2,1986,31_77
49.5,7.4,144.2,2,70,37.0,0.36,2,1986,36_71
3.708,6.0,79.7,0,811,4.2,0.36,2,1986,23_94
0.303,6.0,28.4,0,1897,75.4,0.24,2,1986,34_91
50.938,7.4,145.4,9,60,26.6,0.36,2,1986,36_71
23.02,5.9,111.5,4,1,82.4,0.36,2,1986,37_71
46.384,7.4,151.0,5,27,32.8,0.36,2,1986,36_70
2.438,6.16,66.1,0,3650.0,47.4,0.36,2,1986,6_95
50.287,7.4,146.3,5,64,25.1,0.36,2,1986,36_71
46.225,7.4,148.5,4,106,44.9,0.36,2,1987,36_71
49.234,7.4,146.8,5,32,15.7,0.36,2,1987,36_70
1.564,5.63,62.1,0,1168,16.2,0.36,2,1987,25_94
0.286,5.3,29.3,0,3650.0,19.0,0.36,2,1987,29_83
46.889,7.4,144.1,2,150,52.6,0.36,2,1987,36_71
0.667,5.3,32.0,0,3650.0,29.4,0.36,2,1988,24_91
6.076,5.4,108.4,0,3650.0,22.3,0.36,2,1988,37_72
50.725,7.4,145.4,5,304,13.9,0.36,2,1988,36_70
3.41,7.0,89.3,1,445,13.5,0.36,2,1988,25_95
51.081,7.4,145.1,7,3,21.7,0.36,2,1988,36_71
0.378,5.4,37.1,0,3650.0,9.9,0.36,2,1988,26_86
28.629,6.2,113.1,4,67,88.3,0.36,2,1988,37_71
50.759,7.4,144.9,8,50,9.1,0.36,2,1988,36_70
0.641,6.4,29.2,2,807,68.7,0.24,2,1988,34_91
0.745,6.4,27.9,2,20,65.2,0.24,2,1988,34_91
0.211,5.5,33.0,0,3278,12.0,0.36,2,1989,6_92
0.0,0.0,35.0,0,3650.0,50.2,0.36,2,1989,21_97
3.971,7.3,88.4,0,240,27.3,0.36,2,1989,25_94
0.835,6.0,34.1,0,431,9.1,0.36,2,1989,24_92
0.0,0.0,35.0,0,3650.0,93.2,0.24,2,1989,21_89
3.657,5.3,82.9,1,3650.0,20.4,0.36,2,1989,22_94
48.138,7.4,147.6,2,301,41.7,0.36,2,1989,36_71
1.413,5.4,68.3,3,3650.0,36.8,0.24,2,1989,21_93
0.301,5.12,44.1,0,3650.0,5.7,0.24,2,1990,28_88
5.174,6.28,32.3,0,2008,50.3,0.36,2,1990,11_95
4.37,7.3,89.3,1,280,46.2,0.36,2,1990,24_95
4.772,6.28,32.3,1,0,44.4,0.36,2,1990,11_95
0.151,5.0,24.7,0,3650.0,5.7,0.24,2,1990,37_91
48.246,7.4,134.2,2,497,40.0,0.36,2,1990,37_71
4.338,5.5,101.1,1,593,6.4,0.36,2,1990,36_73
3.689,6.2,53.8,2,0,8.7,0.36,2,1990,36_73
6.613,6.2,99.3,14,19,21.9,0.36,2,1990,37_72
4.305,6.3,48.3,1,1410,34.8,0.36,2,1990,7_94
43.7,7.4,151.7,6,295,24.6,0.36,2,1990,36_70
52.759,7.4,142.9,8,58,8.7,0.36,2,1990,36_70
4.339,6.3,44.8,0,110,54.5,0.36,2,1990,7_93
4.445,6.1,90.5,0,2457,60.3,0.36,2,1990,35_70
5.563,5.4,49.1,1,3650.0,22.9,0.36,2,1990,37_70
3.257,6.34,40.5,0,132,41.0,0.36,2,1990,8_94
0.67,5.91,32.2,0,3650.0,4.3,0.36,2,1991,23_95
42.163,7.4,153.3,1,98,19.5,0.36,2,1991,35_70
50.738,7.4,145.3,6,22,12.1,0.36,2,1991,36_70
0.757,5.7,25.0,2,1736,81.8,0.36,2,1991,15_95
1.228,5.4,40.3,2,3650.0,1.9,0.36,2,1991,37_68
3.706,6.28,32.5,0,3650.0,53.7,0.36,2,1991,12_95
1.729,6.8,58.7,0,3088,148.7,0.36,2,1991,12_93
53.046,7.4,142.4,5,140,34.1,0.36,2,1991,36_71
3.547,6.2,40.1,3,200,36.2,0.36,2,1991,8_94
4.412,6.3,53.5,0,373,11.7,0.36,2,1991,6_94
4.412,6.3,52.6,1,0,13.3,0.36,2,1991,6_94
0.371,5.9,33.2,0,3650.0,4.2,0.36,2,1991,37_95
1.384,5.5,36.8,1,1920,98.1,0.24,2,1991,30_78
3.99,6.0,78.1,1,1956,20.3,0.36,2,1991,24_93
2.246,6.5,43.7,0,2760,49.1,0.36,2,1991,29_81
0.0,0.0,35.0,0,3650.0,491.5,0.36,2,1992,9_86
1.367,6.2,48.5,0,3650.0,21.3,0.24,2,1992,35_74
2.866,5.7,33.0,0,2379,17.8,0.36,2,1992,29_95
1.718,6.5,87.2,0,840,25.6,0.36,2,1992,20_94
2.213,6.3,33.4,0,3650.0,24.8,0.24,2,1992,35_80
5.142,7.3,91.3,1,132,28.3,0.36,2,1992,24_94
10.432,6.3,82.8,0,776,41.0,0.36,2,1992,37_72
0.404,5.48,27.6,0,3650.0,5.6,0.36,2,1992,33_71
0.94,7.0,49.0,0,526,1.4,0.36,2,1992,24_95
0.935,5.5,30.0,1,3650.0,8.0,0.24,2,1992,29_90
53.497,7.4,141.1,3,487,14.6,0.36,2,1992,36_70
12.846,5.8,81.0,1,208,88.9,0.36,2,1992,37_72
12.974,5.8,81.2,2,1,88.6,0.36,2,1992,37_72
2.936,6.34,54.0,0,2380,63.3,0.36,2,1992,9_93
0.392,5.4,27.0,0,3650.0,35.6,0.24,2,1993,30_90
0.39,5.2,41.7,0,3650.0,57.1,0.36,2,1993,29_87
50.509,7.4,144.4,2,252,22.0,0.36,2,1993,36_70
54.326,7.4,140.3,7,16,10.0,0.36,2,1993,36_70
54.198,7.4,141.3,7,0,12.1,0.36,2,1993,36_70
3.611,6.3,59.7,1,732,35.1,0.36,2,1993,6_94
54.077,7.4,141.3,3,25,11.1,0.36,2,1993,36_70
49.285,7.4,136.3,1,13,38.4,0.36,2,1993,36_71
0.042,4.4,33.0,0,3650.0,816.2,0.16,2,1993,18_76
1.84,6.18,33.7,0,3049,29.9,0.36,2,1994,25_97
3.106,6.4,44.2,1,3415,21.5,0.36,2,1994,26_96
4.613,6.3,47.9,0,1002,20.5,0.36,2,1994,7_94
1.4,5.6,70.7,0,793,3.1,0.24,2,1994,20_94
0.535,5.1,34.4,0,3650.0,27.9,0.1,2,1994,28_70
1.067,6.1,30.8,0,3650.0,49.7,0.36,2,1994,32_93
53.45,7.4,141.0,5,285,35.2,0.36,2,1994,36_71
2.493,6.5,84.9,0,859,8.7,0.36,2,1994,21_93
5.064,7.3,91.5,0,845,46.6,0.36,2,1994,24_95
6.697,5.5,37.4,4,3650.0,6.2,0.36,2,1994,10_94
0.204,5.2,37.1,0,3650.0,7.2,0.36,2,1994,17_96
0.693,6.4,27.4,0,2097,59.9,0.24,2,1994,34_91
21.995,7.4,136.2,0,411,24.9,0.36,2,1994,36_69
53.573,7.4,141.1,2,116,19.6,0.36,2,1994,36_70
2.543,6.18,38.2,0,229,10.4,0.36,2,1994,25_96
2.452,6.3,32.4,0,998,29.4,0.24,2,1994,35_80
1.599,5.6,33.8,0,3650.0,58.4,0.36,2,1995,27_92
5.034,7.3,88.1,5,270,37.7,0.36,2,1995,24_95
54.962,7.4,140.3,6,203,14.2,0.36,2,1995,36_70
0.238,5.8,33.0,0,270,4.6,0.36,2,1995,17_96
0.553,5.4,36.6,0,3650.0,14.5,0.36,2,1995,32_69
55.393,7.4,140.1,4,93,29.2,0.36,2,1995,36_71
50.471,7.4,144.8,4,61,20.2,0.36,2,1995,36_70
0.116,4.4,33.0,0,3650.0,44.2,0.36,2,1995,34_97
45.081,7.4,148.8,5,67,9.8,0.36,2,1995,36_70
5.045,6.3,51.7,15,687,15.2,0.36,2,1996,6_94
1.554,6.2,32.0,0,3650.0,24.0,0.24,2,1996,30_88
2.381,6.2,32.4,21,28,26.2,0.24,2,1996,30_88
49.648,7.4,148.9,8,264,33.8,0.36,2,1996,36_70
0.598,5.2,56.8,0,3650.0,23.3,0.36,2,1996,19_95
1.083,5.3,41.2,0,3650.0,81.6,0.24,2,1996,35_78
1.673,6.5,33.7,0,3650.0,79.4,0.36,2,1997,29_80
0.148,5.2,33.0,0,3650.0,21.2,0.36,2,1997,35_95
1.997,5.6,31.2,0,3650.0,14.3,0.36,2,1997,29_68
3.807,7.1,31.4,42,4,12.6,0.36,2,1997,29_68
3.653,7.1,32.9,54,20,11.2,0.36,2,1997,30_68
1.175,6.0,35.3,0,2946,24.7,0.36,2,1997,24_92
54.868,7.4,141.8,0,241,19.8,0.36,2,1997,36_70
0.0,0.0,35.0,0,3650.0,566.8,0.16,2,1997,23_80
4.395,7.1,32.6,2,157,10.8,0.36,2,1997,30_68
0.289,5.6,44.3,0,3650.0,14.7,0.36,2,1997,29_85
0.865,6.9,30.5,0,3650.0,9.1,0.24,2,1997,35_87
0.936,5.7,46.1,0,3650.0,9.7,0.36,2,1997,22_92
54.698,7.4,142.7,3,217,5.3,0.36,2,1997,36_70
2.403,6.18,36.0,1,1135,0.6,0.36,2,1997,25_96
22.696,7.4,147.6,2,49,26.8,0.36,2,1998,37_70
54.852,7.4,142.6,5,58,32.8,0.36,2,1998,36_71
56.349,7.4,141.2,3,6,23.9,0.36,2,1998,36_71
42.596,7.4,151.1,6,29,12.9,0.36,2,1998,36_70
5.493,7.3,89.5,1,1092,43.1,0.36,2,1998,24_95
0.636,5.2,30.3,0,3650.0,11.9,0.36,2,1998,37_78
21.914,7.4,145.5,5,69,26.9,0.36,2,1998,37_70
2.603,6.2,32.4,0,718,24.8,0.24,2,1998,30_88
5.756,6.3,45.9,7,850,35.4,0.36,2,1998,7_94
3.049,6.2,32.3,1,36,29.2,0.24,2,1998,30_88
1.296,5.7,36.8,0,3650.0,50.0,0.36,2,1998,27_86
56.545,7.4,141.5,5,265,17.0,0.36,2,1998,36_71
0.793,5.72,56.4,0,3650.0,39.6,0.36,2,1999,34_69
1.648,6.8,34.5,0,2716,116.5,0.36,2,1999,30_79
2.059,6.3,61.8,0,3650.0,13.8,0.36,2,1999,24_93
56.145,7.4,142.2,7,191,5.2,0.36,2,1999,36_70
2.247,5.7,31.6,0,844,7.9,0.1,2,1999,30_69
56.001,7.4,138.0,5,8,45.4,0.36,2,1999,36_71
2.448,5.7,31.6,2,15,4.9,0.1,2,1999,30_69
2.784,5.7,31.3,3,16,8.5,0.1,2,1999,29_69
56.43,7.4,141.3,7,131,35.6,0.36,2,1999,36_71
0.836,6.1,28.5,0,2015,22.6,0.36,2,2000,32_92
52.885,7.4,144.7,6,71,24.0,0.36,2,2000,36_70
49.033,7.4,152.7,4,114,34.2,0.36,2,2000,35_70
2.177,6.4,43.6,1,2254,5.7,0.36,2,2000,26_97
55.446,7.4,145.1,8,65,18.2,0.36,2,2000,36_70
1.243,5.9,89.4,0,2568,101.8,0.36,2,2000,6_95
3.719,6.0,56.2,3,2861,118.8,0.36,2,2000,10_92
5.251,5.7,89.1,0,3101,26.2,0.36,2,2000,23_94
4.23,6.0,56.1,12,27,117.4,0.36,2,2000,9_92
1.333,6.1,46.8,1,1087,26.6,0.24,2,2000,21_92
0.162,4.9,28.4,0,3650.0,11.6,0.36,2,2001,23_70
0.452,7.7,17.0,9,0,27.4,0.36,2,2001,23_69
0.84,7.7,12.0,23,1,36.4,0.36,2,2001,23_70
57.223,7.4,143.2,6,222,15.3,0.36,2,2001,36_70
1.095,7.5,29.8,0,1213,39.0,0.24,2,2001,34_86
3.475,6.34,47.4,1,3018,17.7,0.36,2,2001,8_94
0.7,5.39,31.1,0,3650.0,71.0,0.36,2,2001,33_95
3.018,6.8,53.3,0,3650.0,168.6,0.36,2,2001,12_93
3.048,6.16,67.2,0,337,64.9,0.36,2,2001,6_94
0.126,5.4,33.0,0,3650.0,8.6,0.24,2,2001,35_90
0.031,4.1,10.0,0,3650.0,13.3,0.24,2,2001,35_93
0.504,5.6,11.4,15,4,14.7,0.24,2,2001,35_93
53.527,7.4,141.1,7,271,44.6,0.36,2,2001,36_71
2.202,6.5,41.5,0,3641,38.3,0.36,2,2001,29_81
53.59,7.4,150.0,7,40,29.3,0.36,2,2002,36_70
56.814,7.4,143.6,8,59,24.1,0.36,2,2002,36_70
58.592,7.4,141.7,9,0,25.2,0.36,2,2002,36_70
12.799,6.9,105.9,4,1464,15.6,0.36,2,2002,36_69
13.233,6.9,103.7,19,1,16.7,0.36,2,2002,36_69
14.272,6.9,105.7,28,15,19.7,0.36,2,2002,35_69
0.34,5.1,38.3,0,3650.0,5.6,0.36,2,2002,30_81
0.34,5.1,30.9,1,3650.0,71.9,0.36,2,2002,34_94
1.296,5.9,32.3,1,1097,10.3,0.36,2,2002,30_69
2.148,6.8,48.9,1,404,121.1,0.36,2,2002,13_93
2.332,6.8,48.7,11,0,128.2,0.36,2,2002,13_93
2.546,6.8,43.8,24,3,126.1,0.36,2,2002,13_93
1.652,5.9,53.6,0,438,90.1,0.36,2,2002,6_94
3.301,6.8,40.4,7,44,109.8,0.36,2,2002,12_92
2.502,6.2,40.6,34,3650.0,16.4,0.24,2,2002,35_74
0.549,6.0,66.5,0,2214,7.6,0.24,2,2002,19_94
17.526,6.9,123.1,0,257,20.6,0.36,2,2002,35_69
0.302,6.1,34.4,0,3650.0,45.1,0.24,2,2003,27_89
3.594,6.5,36.1,1,143,87.1,0.36,2,2003,12_92
50.751,7.4,152.8,3,93,28.6,0.36,2,2003,35_70
0.452,5.9,28.1,0,3650.0,10.1,0.36,2,2003,37_96
0.509,5.2,31.6,0,3650.0,10.0,0.24,2,2003,34_89
2.004,6.3,45.5,0,3650.0,100.5,0.36,2,2003,6_93
0.867,6.1,44.4,0,2073,4.7,0.36,2,2003,22_92
1.016,6.1,40.1,4,0,8.9,0.36,2,2003,22_92
3.314,6.8,53.6,0,282,173.7,0.36,2,2003,12_93
1.82,5.7,33.1,0,3650.0,17.0,0.36,2,2003,29_95
0.595,6.0,56.1,0,2505,49.4,0.36,2,2003,19_95
1.441,6.2,33.4,0,3650.0,8.0,0.36,2,2004,34_73
3.905,6.8,43.0,1,346,131.9,0.36,2,2004,12_93
0.264,5.9,36.4,0,3650.0,5.9,0.24,2,2004,31_91
60.332,7.4,143.4,8,349,6.3,0.36,2,2004,36_70
0.938,5.8,30.6,2,264,14.0,0.24,2,2004,33_89
60.802,7.4,143.4,6,23,17.7,0.36,2,2004,36_71
3.629,6.34,43.9,11,1128,13.4,0.36,2,2004,8_94
0.847,6.4,20.6,0,383,3.2,0.36,2,2004,37_96
1.11,6.4,21.2,2,6,2.7,0.36,2,2004,37_96
0.523,5.51,30.1,0,3650.0,18.5,0.36,2,2004,30_83
3.367,6.28,31.8,0,3650.0,42.0,0.36,2,2004,12_95
3.367,6.28,31.8,1,3,47.9,0.36,2,2004,12_94
3.54,6.28,31.3,6,0,46.6,0.36,2,2004,12_95
3.915,6.28,30.1,19,8,45.3,0.36,2,2004,12_94
61.324,7.4,142.4,7,126,11.8,0.36,2,2004,36_70
1.303,6.1,31.1,0,1693,25.7,0.24,2,2004,32_92
0.694,6.0,27.9,0,3650.0,65.6,0.36,2,2004,15_95
0.548,5.6,38.2,0,874,1.2,0.36,2,2004,31_81
0.946,6.3,43.1,0,523,94.5,0.36,2,2004,6_93
6.166,6.3,45.6,0,523,56.1,0.36,2,2004,7_93
0.315,5.8,24.9,0,3650.0,10.7,0.36,2,2004,20_97
4.159,6.34,45.9,0,253,37.3,0.36,2,2004,8_93
5.249,6.3,43.8,1,0,84.2,0.36,2,2004,7_93
5.564,6.3,57.1,1,0,18.8,0.36,2,2004,6_94
0.66,6.1,44.5,1,0,105.0,0.36,2,2004,6_93
3.097,6.1,37.4,1,294,78.9,0.36,2,2004,12_92
0.803,5.4,53.3,1,3650.0,92.7,0.36,2,2004,8_92
4.703,6.5,44.1,2,0,123.2,0.36,2,2004,12_92
0.488,5.7,46.1,2,0,73.0,0.36,2,2004,8_92
4.302,6.5,35.8,3,0,91.6,0.36,2,2004,12_92
0.631,5.7,44.4,5,0,74.3,0.36,2,2004,8_92
2.667,6.5,35.3,0,294,83.2,0.36,2,2004,13_93
0.746,5.6,43.3,2,523,77.0,0.36,2,2004,7_92
5.621,6.3,45.7,6,0,46.1,0.36,2,2004,6_94
0.803,6.1,43.4,7,0,70.7,0.36,2,2004,6_92
5.478,6.34,40.3,11,0,41.2,0.36,2,2004,8_94
2.237,6.1,35.0,3,3650.0,78.4,0.36,2,2004,10_92
5.248,5.9,56.9,0,1511,37.1,0.36,2,2004,10_93
3.7,6.8,39.3,3,0,112.6,0.36,2,2004,13_93
3.786,6.2,42.0,10,0,116.0,0.36,2,2004,7_93
5.994,6.2,39.9,10,0,44.9,0.36,2,2004,8_94
1.09,5.7,45.8,12,0,83.3,0.36,2,2004,8_92
4.675,6.34,43.5,18,0,32.7,0.36,2,2004,8_93
2.983,6.5,34.3,3,0,68.1,0.36,2,2004,13_92
0.516,5.6,33.4,12,0,45.4,0.36,2,2004,7_92
5.564,6.0,54.6,9,0,23.6,0.36,2,2004,10_93
3.155,6.5,35.0,4,0,76.7,0.36,2,2004,13_92
3.183,6.5,35.0,7,0,80.6,0.36,2,2004,13_92
3.097,6.5,33.7,12,0,80.5,0.36,2,2004,13_92
1.377,6.6,36.0,32,0,75.8,0.36,2,2004,8_92
3.384,6.5,31.8,20,0,53.7,0.36,2,2004,12_92
2.065,7.2,36.8,36,1,90.1,0.36,2,2004,6_93
1.606,7.2,36.0,45,0,81.9,0.36,2,2004,7_92
3.843,5.9,34.7,30,0,76.2,0.36,2,2004,12_92
3.47,6.1,35.2,28,0,90.1,0.36,2,2004,11_92
1.004,6.6,30.7,23,1,55.8,0.36,2,2004,7_91
7.37,6.3,41.8,44,1,36.3,0.36,2,2004,7_94
4.703,6.2,37.3,83,1,115.8,0.36,2,2004,8_93
5.936,6.34,40.4,72,2,27.2,0.36,2,2004,9_93
6.136,6.6,39.5,94,0,90.2,0.36,2,2004,8_93
5.648,6.6,40.0,93,0,101.0,0.36,2,2004,8_93
3.928,6.1,35.0,40,2,78.5,0.36,2,2004,12_92
2.15,7.2,31.7,65,3,34.0,0.36,2,2004,7_92
7.568,6.3,40.7,62,3,56.7,0.36,2,2004,7_93
1.605,7.2,32.4,41,4,43.3,0.36,2,2004,6_92
4.758,6.2,36.0,90,1,122.6,0.36,2,2005,8_93
6.937,6.3,46.4,42,1,29.7,0.36,2,2005,7_94
2.379,7.2,34.0,68,1,60.2,0.36,2,2005,7_92
2.006,7.2,31.1,56,0,35.8,0.36,2,2005,6_92
3.095,6.1,34.8,31,9,87.3,0.36,2,2005,10_92
1.175,6.1,29.2,22,0,17.2,0.36,2,2005,10_91
1.777,6.1,29.5,30,1,25.7,0.36,2,2005,10_91
3.438,6.1,34.6,40,3,77.2,0.36,2,2005,10_92
0.573,5.1,29.4,16,3650.0,25.0,0.36,2,2005,14_92
1.975,5.9,29.3,49,7,9.3,0.36,2,2005,14_92
3.491,7.2,31.0,113,22,48.1,0.36,2,2005,7_92
10.013,6.34,34.4,112,25,43.6,0.36,2,2005,8_94
10.585,6.2,35.7,116,0,51.9,0.36,2,2005,8_94
11.528,6.2,35.7,159,0,57.7,0.36,2,2005,7_94
12.101,6.2,35.8,173,0,58.4,0.36,2,2005,7_94
11.557,6.2,36.2,168,0,43.9,0.36,2,2005,7_94
13.445,6.2,34.5,210,0,57.4,0.36,2,2005,8_94
13.703,6.2,34.7,234,0,46.5,0.36,2,2005,7_94
14.904,6.2,34.4,273,0,50.6,0.36,2,2005,7_94
15.39,6.2,34.6,288,0,48.1,0.36,2,2005,7_94
19.451,6.2,33.5,436,0,61.1,0.36,2,2005,7_93
19.537,6.2,33.4,434,0,57.9,0.36,2,2005,7_94
19.794,6.2,33.1,447,0,50.4,0.36,2,2005,7_94
23.198,6.2,32.5,556,0,49.9,0.36,2,2005,7_94
24.369,6.16,32.8,621,1,35.0,0.36,2,2005,7_94
27.656,6.2,31.5,691,0,46.4,0.36,2,2005,8_94
6.577,6.34,47.0,20,34,24.2,0.36,2,2005,9_93
28.043,6.2,31.4,702,6,35.3,0.36,2,2005,8_94
29.333,6.2,31.3,711,10,58.4,0.36,2,2005,8_93
2.598,6.1,28.3,7,43,24.5,0.36,2,2005,10_91
28.884,6.3,31.8,682,9,47.0,0.36,2,2005,7_94
0.854,6.2,25.8,0,269,14.0,0.36,2,2005,30_83
0.68,5.7,28.4,0,3650.0,106.9,0.36,2,2005,28_94
61.332,7.4,141.5,10,325,42.2,0.36,2,2005,36_71
6.665,6.1,45.5,4,184,124.3,0.36,2,2005,10_92
61.736,7.4,143.1,9,22,4.6,0.36,2,2005,36_70
4.063,6.3,31.3,6,181,42.6,0.36,2,2005,7_92
3.837,7.2,30.4,29,0,16.5,0.36,2,2005,8_91
30.658,6.3,32.1,12,164,39.3,0.36,2,2005,7_94
4.496,7.2,30.5,4,50,17.4,0.36,2,2005,8_91
6.742,7.3,93.4,0,1802,14.5,0.36,2,2005,24_94
1.627,6.2,32.5,0,601,5.3,0.24,2,2005,34_73
1.599,7.6,31.1,1,0,10.5,0.24,2,2005,34_73
3.674,7.6,34.6,2,0,17.0,0.36,2,2005,34_73
1.879,7.6,29.7,3,0,4.2,0.24,2,2005,34_73
1.879,7.6,29.6,4,0,9.4,0.36,2,2005,34_73
1.991,7.6,29.9,5,0,3.0,0.36,2,2005,34_73
2.188,7.6,26.5,14,0,16.8,0.36,2,2005,34_73
2.805,7.6,21.8,40,0,8.5,0.36,2,2005,34_73
4.235,7.6,17.8,91,0,11.7,0.36,2,2005,34_73
5.049,7.6,17.8,111,0,10.3,0.36,2,2005,34_73
4.852,7.6,16.9,112,0,7.6,0.36,2,2005,34_73
5.778,7.6,16.2,142,0,12.5,0.36,2,2005,34_73
6.675,7.6,15.6,172,0,13.1,0.36,2,2005,34_73
8.548,7.6,14.1,243,9,9.7,0.36,2,2005,34_73
8.629,7.6,14.1,252,4,3.2,0.36,2,2005,34_73
61.289,7.4,145.0,9,142,31.8,0.36,2,2005,36_71
8.848,6.8,35.3,3,390,139.4,0.36,2,2006,13_93
5.337,6.1,32.8,1,400,65.6,0.36,2,2006,11_92
1.915,5.6,35.2,1,3650.0,10.7,0.36,2,2006,26_91
2.717,7.7,10.7,0,1864,41.7,0.36,2,2006,23_70
3.32,7.7,10.8,2,29,37.9,0.36,2,2006,23_70
0.802,5.8,25.8,0,1012,12.7,0.24,2,2006,35_89
0.58,5.9,34.9,0,773,7.2,0.24,2,2006,31_90
6.291,5.6,84.2,1,2038,9.9,0.36,2,2006,23_94
5.914,7.2,30.5,2,513,19.5,0.36,2,2006,6_92
4.894,7.2,30.7,3,6,47.1,0.36,2,2006,6_92
0.824,5.5,30.9,1,1819,37.0,0.36,2,2006,32_96
5.514,5.5,40.0,0,3650.0,21.4,0.36,2,2006,37_68
0.795,5.68,67.1,1,3650.0,15.2,0.36,2,2006,37_74
2.324,6.9,41.6,0,3583,89.9,0.24,2,2006,35_78
6.43,6.1,32.1,0,527,87.2,0.36,2,2006,10_92
6.476,7.2,31.4,0,481,72.8,0.36,2,2007,8_92
65.435,7.4,142.7,11,476,12.2,0.36,2,2007,36_70
8.774,6.5,30.9,2,444,67.6,0.36,2,2007,12_92
0.698,5.1,32.4,1,3650.0,10.7,0.24,2,2007,34_81
0.081,4.5,25.3,0,3650.0,58.6,0.36,2,2007,31_97
6.222,7.2,30.4,1,393,35.2,0.36,2,2007,7_92
1.548,6.6,34.2,0,1408,49.8,0.36,2,2007,19_95
1.219,6.1,33.5,0,1563,14.0,0.24,2,2007,22_92
0.871,5.4,32.8,0,3650.0,9.2,0.24,2,2008,32_85
7.2,6.2,44.0,0,387,129.2,0.36,2,2008,10_92
1.055,6.4,28.4,8,7,9.9,0.24,2,2008,32_85
1.397,6.4,24.8,21,6,4.3,0.24,2,2008,32_85
1.601,5.7,31.4,0,3650.0,6.5,0.24,2,2008,35_81
1.811,7.2,28.9,8,0,8.8,0.24,2,2008,35_81
5.186,6.2,29.2,1,552,29.0,0.36,2,2008,11_91
5.16,6.6,28.7,5,0,24.0,0.36,2,2008,10_91
5.759,6.6,26.2,38,0,19.4,0.36,2,2008,10_91
0.808,5.6,31.1,1,3650.0,8.1,0.24,2,2008,35_88
7.326,6.6,24.4,11,42,27.1,0.36,2,2008,11_91
7.3,6.6,23.8,20,0,16.3,0.36,2,2008,10_91
0.753,6.1,34.6,2,3650.0,6.1,0.36,2,2008,25_97
1.427,6.3,22.4,0,1235,1.9,0.36,2,2008,30_83
69.881,7.4,145.8,10,522,12.7,0.36,2,2008,36_70
2.641,6.7,17.4,32,30,2.1,0.36,2,2008,30_83
7.764,6.6,22.7,4,54,10.5,0.36,2,2008,10_91
0.932,6.0,35.8,1,3524,23.6,0.36,2,2008,33_69
1.035,6.1,25.4,0,3650.0,4.6,0.24,2,2008,29_90
1.423,6.3,22.9,16,2,2.4,0.24,2,2008,29_90
71.086,7.4,144.3,17,49,16.5,0.36,2,2008,36_70
1.342,6.4,19.1,0,1644,1.8,0.36,2,2008,37_95
8.359,6.6,22.5,4,43,18.9,0.36,2,2008,10_91
70.066,7.4,147.4,19,64,29.2,0.36,2,2008,36_71
71.482,7.4,145.7,27,5,7.8,0.36,2,2009,36_70
71.065,7.4,146.6,27,1,15.4,0.36,2,2009,36_70
9.866,7.6,13.9,2,1220,6.8,0.24,2,2009,34_73
1.521,6.1,33.4,0,3650.0,42.4,0.36,2,2009,31_85
5.394,6.3,29.9,0,1661,44.9,0.36,2,2009,14_92
7.166,7.3,90.8,0,1423,17.8,0.36,2,2009,24_94
6.025,7.5,30.1,24,2,44.5,0.36,2,2009,14_92
1.492,6.4,16.3,0,291,13.1,0.36,2,2009,37_95
1.543,6.4,16.5,1,0,11.1,0.36,2,2009,37_95
1.593,6.4,17.3,2,0,15.1,0.36,2,2009,37_95
2.099,6.4,16.1,19,3,6.2,0.36,2,2009,37_95
7.154,6.4,89.6,1,22,6.3,0.36,2,2009,24_94
1.187,5.8,35.3,0,1305,57.6,0.36,2,2009,27_91
1.565,6.5,72.1,0,3650.0,38.7,0.36,2,2009,20_94
71.327,7.4,145.9,1,290,11.3,0.36,2,2009,36_70
70.436,7.4,146.3,3,6,4.9,0.36,2,2009,36_70
0.478,5.5,36.4,0,3650.0,17.6,0.36,2,2009,29_86
5.083,7.2,30.6,1,1036,15.6,0.36,2,2009,8_91
7.297,7.3,91.2,1,116,18.5,0.36,2,2009,24_94
1.479,6.1,32.1,1,101,57.0,0.36,2,2009,27_91
37.836,7.4,142.9,2,121,20.4,0.36,2,2010,35_70
6.263,5.6,85.3,1,1401,33.6,0.36,2,2010,23_94
2.244,6.1,27.3,0,2037,8.8,0.24,2,2010,32_92
9.719,7.5,32.6,3,229,69.4,0.36,2,2010,13_92
0.772,5.5,25.7,1,1364,22.8,0.36,2,2010,33_96
0.921,6.9,23.1,7,0,13.7,0.36,2,2010,33_96
1.266,6.9,23.3,0,45,29.2,0.36,2,2010,33_96
5.286,5.6,48.9,0,1982,114.7,0.36,2,2010,11_93
1.464,6.9,21.5,7,5,19.3,0.36,2,2010,33_96
5.678,7.2,30.9,0,214,24.5,0.36,2,2010,7_91
10.757,6.8,34.2,0,80,114.0,0.36,2,2010,13_93
6.888,7.5,30.6,32,11,7.1,0.36,2,2010,7_91
28.39,6.3,32.4,1,1859,48.9,0.36,2,2010,7_94
70.798,7.4,145.3,4,201,11.0,0.36,2,2010,36_70
11.618,6.5,33.9,0,245,34.0,0.36,2,2011,10_94
7.223,7.3,90.6,2,402,10.9,0.36,2,2011,24_94
0.803,6.1,31.6,0,930,1.2,0.36,2,2011,24_97
70.534,7.4,145.8,6,184,11.9,0.36,2,2011,36_70
70.209,7.4,145.8,4,54,6.8,0.36,2,2011,36_70
5.423,6.6,40.3,0,1235,101.6,0.36,2,2011,9_92
1.563,6.1,40.0,0,3650.0,39.7,0.24,2,2011,27_88
70.999,7.4,146.0,7,176,24.2,0.36,2,2011,36_71
5.889,7.3,91.5,1,289,35.4,0.36,2,2011,24_95
27.73,6.3,32.2,0,445,71.6,0.36,2,2011,7_93
4.943,6.3,60.4,0,3650.0,9.4,0.36,2,2012,36_73
13.271,6.34,33.2,0,2624,17.3,0.36,2,2012,8_93
10.403,6.34,35.5,5,0,4.6,0.36,2,2012,9_93
15.829,6.9,99.8,3,834,15.9,0.36,2,2012,36_69
3.398,7.3,85.6,0,223,45.7,0.36,2,2012,25_94
70.97,7.4,145.4,5,248,7.6,0.36,2,2012,36_70
50.482,6.6,136.4,9,6,57.5,0.36,2,2012,37_71
6.453,5.6,83.8,0,869,3.4,0.36,2,2012,22_94
1.435,7.2,16.5,0,1605,28.6,0.24,2,2012,35_82
0.819,7.0,35.7,0,3650.0,9.7,0.36,2,2012,23_95
0.819,7.0,33.6,8,0,13.8,0.36,2,2012,22_95
1.146,7.0,33.2,10,0,12.3,0.36,2,2012,23_95
4.27,5.7,89.6,1,146,34.4,0.36,2,2012,22_94
44.336,7.4,152.0,6,170,29.4,0.36,2,2012,35_70
5.361,7.3,91.9,0,191,13.4,0.36,2,2013,25_95
1.877,6.6,35.8,5,2081,47.5,0.36,2,2013,19_95
2.593,6.1,44.0,0,1661,13.5,0.36,2,2013,34_70
2.684,5.4,38.3,2,3650.0,76.1,0.24,2,2013,33_75
0.46,5.2,37.0,1,3650.0,79.4,0.36,2,2013,30_97
1.307,7.0,20.6,2,312,1.6,0.36,2,2013,22_95
4.341,6.28,29.7,0,3392,38.3,0.36,2,2013,12_95
1.068,6.2,15.5,1,548,10.8,0.24,2,2014,35_82
1.409,7.2,13.7,2,0,12.3,0.24,2,2014,35_82
26.11,6.3,33.3,1,834,24.1,0.36,2,2014,7_94
25.918,6.3,33.2,3,7,21.0,0.36,2,2014,7_94
26.348,6.4,33.4,13,0,22.0,0.36,2,2014,7_94
0.045,5.5,21.5,0,3650.0,444.5,0.1,2,2014,18_88
0.881,6.1,31.5,0,1170,8.1,0.36,2,2014,24_97
0.903,6.1,30.9,1,6,9.2,0.36,2,2014,24_97
72.924,7.4,146.1,14,531,11.9,0.36,2,2014,36_70
4.588,6.28,29.8,0,253,42.7,0.36,2,2014,12_95
4.729,6.28,29.1,0,56,52.4,0.36,2,2014,12_95
28.081,6.4,31.9,46,241,17.3,0.36,2,2014,7_94
4.088,6.0,62.7,3,3115,42.6,0.36,2,2014,23_93
0.974,5.6,31.3,0,3650.0,55.7,0.36,2,2015,28_84
1.151,5.7,30.9,0,3650.0,46.3,0.36,2,2015,27_85
1.416,6.1,31.1,1,0,70.1,0.36,2,2015,27_86
1.239,7.8,27.8,9,0,60.7,0.36,2,2015,28_84
1.571,6.6,30.2,12,0,80.2,0.36,2,2015,27_85
1.682,6.2,42.7,0,3650.0,14.1,0.36,2,2015,28_87
2.92,6.1,20.4,71,1,75.4,0.36,2,2015,27_86
4.111,6.7,18.9,119,15,69.1,0.36,2,2015,27_86
3.912,7.3,19.2,112,0,67.6,0.36,2,2015,27_86
3.979,7.3,17.7,120,0,69.9,0.36,2,2015,27_86
5.436,7.3,15.7,187,4,60.2,0.36,2,2015,27_86
74.976,7.4,145.3,14,380,42.0,0.36,2,2015,36_71
0.881,5.6,35.0,0,3650.0,17.7,0.36,2,2015,37_78
5.619,6.28,26.4,2,3650.0,35.9,0.36,2,2015,11_95
75.336,7.4,147.1,13,41,33.1,0.36,2,2015,36_71
1.817,5.7,27.2,0,3650.0,25.9,0.1,2,2015,29_70
75.164,7.4,146.8,13,76,13.2,0.36,2,2015,36_70
70.262,7.4,148.6,14,0,14.8,0.36,2,2015,36_70
11.654,6.4,38.9,4,355,7.0,0.36,2,2015,6_94
10.954,6.3,40.3,29,0,16.7,0.36,2,2015,6_94
14.19,6.6,35.8,35,0,16.8,0.36,2,2015,6_94
5.291,6.6,55.2,53,0,58.4,0.36,2,2015,6_94
71.744,7.5,146.9,39,27,53.0,0.36,2,2015,36_71
76.726,7.5,148.6,11,33,26.6,0.36,2,2015,36_71
2.571,6.3,62.1,0,3650.0,16.0,0.36,2,2016,24_93
77.994,7.5,147.1,14,18,9.4,0.36,2,2016,36_70
77.257,7.5,148.9,18,88,27.9,0.36,2,2016,36_71
5.957,5.7,86.0,1,1207,13.3,0.36,2,2016,23_94
2.321,6.5,82.5,2,2528,27.5,0.36,2,2016,20_94
1.393,5.8,27.0,0,3650.0,143.8,0.36,2,2016,32_94
0.085,5.0,25.4,1,3650.0,8.0,0.24,2,2016,37_84
1.088,5.9,35.3,0,3650.0,16.8,0.36,2,2017,24_92
2.634,6.4,29.2,0,3650.0,22.3,0.36,2,2017,6_92
3.559,5.7,30.9,0,3650.0,25.6,0.36,2,2017,29_94
7.599,7.3,90.6,0,1824,21.1,0.36,2,2018,24_94
0.772,6.1,30.5,0,3650.0,27.8,0.36,2,2018,18_96
5.694,7.5,30.4,1,2771,10.4,0.36,2,2018,8_91
80.222,7.5,148.5,11,660,5.7,0.36,2,2018,36_70
75.297,7.4,144.4,16,98,49.6,0.36,2,2018,36_71
7.81,6.6,23.1,0,3567,15.1,0.36,2,2018,10_91
3.397,6.2,30.0,1,3650.0,69.5,0.36,2,2018,30_87
80.822,7.5,149.2,10,269,13.3,0.36,2,2019,36_70
29.025,6.6,31.0,57,1239,13.8,0.36,2,2019,7_94
0.732,5.8,27.0,0,3650.0,75.3,0.36,2,2019,28_94
9.053,7.5,32.8,0,3259,69.5,0.36,2,2019,13_92
1.902,5.5,38.1,0,3650.0,80.9,0.36,2,2019,27_92
58.184,7.5,154.2,11,186,13.0,0.36,2,2019,36_70
79.397,7.5,150.8,11,134,22.6,0.36,2,2019,36_70
2.807,6.3,41.3,1,3650.0,14.2,0.24,2,2019,35_74
1.856,6.2,36.8,0,1790,33.3,0.36,2,2020,28_87
6.677,6.9,81.7,0,1463,9.9,0.36,2,2020,22_94
19.349,5.8,118.3,4,2888,88.4,0.36,2,2020,37_72
3.495,5.9,57.5,2,66,43.7,0.36,2,2020,23_93
2.422,7.2,14.6,1,2325,29.8,0.24,2,2020,35_82
4.284,6.28,26.1,3,1841,32.9,0.36,2,2020,11_94
4.323,6.28,26.7,6,0,20.3,0.36,2,2020,12_94
0.515,5.5,24.6,0,3650.0,2.3,0.24,2,2020,33_86
2.744,6.7,57.3,0,1741,22.5,0.36,2,2020,24_93
82.746,7.5,150.7,9,393,11.8,0.36,2,2021,36_70
1.213,5.7,25.5,0,3650.0,59.1,0.36,2,2021,31_92
0.978,7.5,27.0,0,3650.0,3.1,0.24,2,2021,34_87
3.183,5.8,38.8,0,3650.0,17.3,0.36,2,2021,26_92
1.574,7.0,18.8,0,2868,2.2,0.36,2,2021,22_95
11.89,6.34,32.9,3,3386,15.8,0.36,2,2021,8_94
8.995,6.34,34.2,4,0,19.0,0.36,2,2021,9_94
14.803,6.34,32.1,12,1,16.0,0.36,2,2021,8_94
5.111,6.9,90.4,0,539,33.3,0.36,2,2021,22_94
4.596,5.9,60.0,0,522,47.0,0.36,2,2021,22_93
0.502,5.2,33.9,0,3650.0,14.7,0.36,2,2021,31_87
82.665,7.5,152.3,12,384,29.7,0.36,2,2022,36_71
28.21,6.6,31.0,1,1100,26.1,0.36,2,2022,7_94
0.898,6.0,32.3,0,3650.0,27.0,0.36,2,2022,33_69
2.114,6.1,27.4,0,3650.0,10.8,0.24,2,2022,33_92
6.993,6.9,86.6,0,357,10.5,0.36,2,2022,23_94
3.148,6.5,31.2,2,3650.0,57.4,0.36,2,2022,29_81
0.739,5.9,25.0,0,1296,84.8,0.36,2,2022,28_94
84.904,7.5,151.1,12,334,13.9,0.36,2,2023,36_70
85.216,7.5,151.5,13,75,10.4,0.36,2,2023,36_70
11.345,6.34,32.7,11,612,10.2,0.36,2,2023,8_93
10.931,6.34,32.9,15,0,6.2,0.36,2,2023,8_93
3.415,6.4,54.2,0,3650.0,8.0,0.36,2,2023,25_96
1.218,6.0,22.8,0,3650.0,22.7,0.36,2,2023,15_96
11.468,6.5,39.0,0,3650.0,66.7,0.36,2,2023,10_93
85.385,7.5,151.5,12,136,11.4,0.36,2,2023,36_70
3.58,6.5,29.7,1,328,73.5,0.36,2,2023,29_81
2.029,5.6,34.1,0,3650.0,43.1,0.36,2,2023,28_82
0.446,5.4,24.4,0,3650.0,41.9,0.24,2,2023,23_90
85.511,7.5,151.3,10,158,20.6,0.36,2,2024,36_70
1.369,6.1,25.2,1,571,57.6,0.24,2,2024,33_92
3.546,6.4,48.0,0,3650.0,14.4,0.36,2,2024,26_96
1.865,6.1,21.1,4,3650.0,21.4,0.24,2,2024,33_81
0.976,5.9,21.8,0,3650.0,18.5,0.24,2,2024,34_86
0.11,4.7,24.3,0,3650.0,117.0,0.36,2,2024,8_90
86.219,7.5,151.8,13,279,24.6,0.36,2,2024,36_70
2.204,6.2,33.7,3,1753,32.4,0.36,2,2025,28_87
0.51,5.7,15.0,0,3650.0,20.1,0.36,2,2025,34_97
5.683,7.2,28.6,0,2920,30.7,0.36,2,2025,6_92
1.016,5.8,18.5,0,1337,5.0,0.36,2,2025,22_95
0.417,7.7,35.3,1,0,8.8,0.36,2,2025,21_95
73.481,7.5,159.0,7,181,26.7,0.36,2,2025,35_70
81.024,7.5,153.9,10,3,45.5,0.36,2,2025,36_71
3.476,7.1,20.0,2,124,30.4,0.36,2,2025,29_87
3.918,6.6,63.8,2,3526,89.7,0.36,2,2025,6_95
4.959,7.2,30.2,0,138,81.2,0.36,2,2025,6_93
2.448,6.1,58.7,0,3650.0,9.5,0.36,2,2025,34_70
2.844,6.1,51.9,18,3,7.4,0.36,2,2025,34_70
3.148,6.0,36.5,2,1600,20.3,0.36,2,2025,26_92
11.746,6.3,122.4,1,3650.0,6.6,0.36,2,2025,36_72
1.287,5.6,42.1,4,3650.0,53.1,0.24,2,2026,36_74
1.697,6.8,62.7,0,3450,26.4,0.24,2,2026,20_93
14.976,6.9,97.4,1,310,5.7,0.36,2,2026,35_69
88.159,7.5,151.9,11,349,4.9,0.36,2,2026,36_70
0.373,5.5,29.8,0,3650.0,55.9,0.24,2,2026,27_89
1.438,6.4,12.3,1,3650.0,10.4,0.36,2,2026,37_95
87.192,7.5,152.7,11,84,11.3,0.36,2,2026,36_70
85.136,7.5,152.9,12,4,21.2,0.36,2,2026,36_70
2.247,6.4,12.2,1,63,11.1,0.36,2,2026,37_95
1.664,5.7,43.9,0,1470,131.1,0.36,0,1980,9_92
0.405,7.0,70.9,0,735,21.5,0.36,0,1972,25_95
2.53,6.34,48.1,0,760,14.0,0.36,0,1995,9_93
2.974,6.28,32.7,0,319,21.7,0.36,0,1992,11_95
0.691,5.8,29.6,0,3650.0,166.8,0.36,0,1990,32_95
0.549,5.8,22.0,0,3650.0,163.6,0.36,0,1982,32_95
0.849,5.5,24.8,0,2996,15.3,0.36,0,1979,30_84
1.546,5.7,25.1,0,3303,11.6,0.24,0,2019,32_92
1.495,6.18,33.4,0,2458,5.8,0.36,0,1978,25_96
2.442,6.18,43.3,0,3650.0,7.8,0.36,0,2008,25_96
1.625,6.18,14.7,0,651,2.6,0.36,0,1973,25_96
0.345,6.16,139.9,0,539,28.5,0.36,0,1973,7_94
0.348,5.5,42.8,0,2633,10.4,0.36,0,1978,26_93
1.31,5.88,31.9,0,3650.0,93.7,0.36,0,1989,13_95
85.278,7.5,152.6,10,118,9.4,0.36,1,2024,36_70
3.598,6.28,32.1,0,3650.0,66.3,0.36,0,1988,12_94
4.337,6.28,28.3,0,1642,46.1,0.36,0,2019,12_95
0.687,7.0,32.5,0,3650.0,8.0,0.36,0,2007,22_95
0.6,5.91,28.6,0,3650.0,7.8,0.36,0,1990,23_95
7.995,6.2,45.2,2,952,118.7,0.36,0,2010,10_92
6.894,7.3,89.6,0,1896,30.1,0.36,0,2023,25_94
0.278,5.68,116.1,0,3650.0,15.8,0.36,0,1995,37_75
0.0,0.0,35.0,0,3650.0,6.3,0.36,0,1970,36_70
0.481,5.5,31.8,0,3650.0,6.9,0.36,0,1984,17_94
27.057,7.4,125.9,4,367,16.6,0.36,1,2008,36_69
53.753,7.4,141.2,4,118,49.2,0.36,1,2000,36_71
0.278,5.9,31.8,1,3650.0,30.0,0.24,0,1995,31_91
3.528,6.2,39.8,0,695,61.6,0.36,0,1984,7_93
0.614,5.9,28.6,0,3650.0,26.6,0.36,0,1989,36_96
2.794,6.2,36.4,0,3650.0,57.2,0.24,0,2000,35_73
3.618,6.2,28.2,0,2497,50.2,0.24,0,1979,35_73
0.351,5.72,38.5,0,2071,10.1,0.36,0,1978,34_69
0.562,6.28,21.4,0,2246,45.6,0.36,0,1979,12_95
15.293,6.9,114.8,1,99,16.5,0.36,0,2002,35_69
0.032,5.61,35.5,0,3650.0,672.5,0.1,0,2001,11_85
3.162,6.1,50.6,1,3650.0,15.1,0.36,0,2024,34_70
1.795,5.6,28.9,0,3650.0,4.2,0.36,0,1994,29_68
1.213,6.6,28.2,0,356,96.3,0.36,0,1974,6_91
2.944,6.0,63.2,1,3650.0,12.7,0.36,0,2011,24_93
1.838,6.1,40.2,0,1912,111.3,0.36,0,1981,10_92
1.229,7.5,31.1,0,1141,9.5,0.24,0,2004,35_86
0.274,5.51,32.0,0,1417,4.7,0.24,0,1977,31_83
1.065,7.5,27.5,0,3650.0,14.5,0.24,0,2019,35_86
0.49,5.5,32.1,0,3650.0,5.7,0.24,0,1996,33_86
0.072,5.9,21.5,0,3650.0,797.9,0.1,0,2025,7_84
0.398,5.5,30.7,0,3650.0,4.4,0.24,0,2002,33_86
24.587,6.5,170.1,4,444,36.3,0.36,1,1976,36_71
1.384,6.1,33.8,0,119,76.2,0.36,0,1974,11_92
2.225,6.1,39.4,0,3268,77.2,0.36,0,1990,11_92
0.916,5.7,32.3,0,3650.0,72.7,0.36,0,1996,27_86
39.481,7.4,162.8,11,106,13.4,0.36,1,1984,36_70
58.767,7.4,144.7,3,115,2.3,0.36,1,2003,36_70
51.097,7.4,144.2,6,147,10.5,0.36,1,1989,36_70
0.786,5.6,37.5,0,3650.0,3.5,0.36,0,1994,28_85
51.47,7.4,144.2,4,282,26.2,0.36,1,1992,36_70
2.284,6.2,38.9,1,1207,6.8,0.36,0,1985,35_72
1.631,6.8,35.4,0,3650.0,24.6,0.24,0,2011,32_78
2.072,6.8,35.5,0,3650.0,8.9,0.24,0,2004,31_78
1.105,5.68,26.9,0,2947,44.1,0.36,0,1994,14_96
0.916,5.68,26.0,0,3650.0,77.7,0.36,0,2020,14_95
0.05,5.9,6.0,0,3650.0,3.2,0.36,0,1990,17_97
1.296,7.5,31.5,0,578,4.2,0.24,0,1999,35_86
2.31,5.6,29.5,0,3650.0,6.8,0.36,0,1990,29_68
0.322,5.14,35.0,0,3650.0,25.5,0.24,0,1973,35_79
2.279,6.3,35.4,0,1332,14.3,0.24,0,1998,35_80
1.933,6.1,32.4,0,616,22.2,0.36,0,2006,33_92
23.041,6.5,168.5,6,333,32.8,0.36,1,1976,36_70
1.932,5.5,30.8,2,3650.0,10.3,0.24,0,1989,35_80
3.13,6.4,49.4,0,3650.0,8.3,0.36,0,2021,26_97
2.038,6.3,35.6,0,1307,27.2,0.36,0,1998,35_79
2.124,6.5,93.4,0,3650.0,4.8,0.36,0,1989,21_94
1.511,6.8,35.9,0,3650.0,14.9,0.36,0,2015,32_78
1.204,6.5,98.9,0,3650.0,59.0,0.36,0,2005,21_95
1.61,5.7,46.8,0,2503,126.3,0.36,0,1983,10_92
4.335,6.3,51.1,0,163,26.0,0.36,0,1994,6_94
2.352,6.4,44.4,0,1059,6.4,0.36,0,1982,26_97
1.502,6.3,23.7,0,3650.0,38.1,0.24,0,2020,29_89
80.65,7.5,149.8,11,126,19.0,0.36,1,2018,36_71
4.244,6.3,45.8,0,866,72.6,0.36,0,1993,7_93
2.24,6.4,14.7,1,3650.0,18.9,0.36,0,2022,37_95
1.578,6.1,47.5,1,339,30.3,0.24,0,2008,21_92
84.009,7.5,151.4,10,218,9.9,0.36,1,2022,36_70
0.971,6.5,34.6,0,3650.0,17.9,0.24,0,2006,32_88
2.362,6.8,46.9,0,2539,123.6,0.36,0,1990,12_93
2.058,5.7,42.5,1,333,127.9,0.36,0,1982,12_93
0.718,6.0,27.2,0,3650.0,19.5,0.24,0,2016,33_82
34.09,6.5,168.6,2,254,38.3,0.36,0,1980,36_71
0.215,5.7,20.0,0,1939,71.6,0.36,0,1984,16_95
68.373,7.4,145.7,13,352,14.8,0.36,1,2008,36_70
0.428,5.8,25.1,0,3650.0,75.8,0.36,0,2023,32_96
0.0,0.0,35.0,0,3650.0,89.9,0.36,0,1976,30_80
61.014,7.4,143.4,5,93,35.0,0.36,1,2004,36_71
62.395,7.5,153.0,5,562,8.7,0.36,1,2017,36_70
0.483,5.6,44.0,0,3650.0,14.6,0.36,0,1992,18_94
2.327,6.4,46.1,0,3650.0,6.8,0.36,0,2019,27_97
0.0,0.0,35.0,0,3650.0,9.3,0.36,0,1971,36_76
0.381,5.5,33.0,0,176,31.5,0.36,0,1980,6_92
3.182,6.2,32.0,0,3650.0,3.2,0.24,0,2018,30_88
2.483,6.5,41.6,0,856,64.7,0.36,0,1994,29_81
2.57,6.5,38.8,1,1405,66.3,0.36,0,2000,29_81
0.0,0.0,35.0,0,3650.0,61.1,0.36,0,1980,15_94
0.602,5.5,29.3,0,3650.0,749.2,0.24,0,1996,17_73
2.549,7.2,15.4,0,412,4.0,0.24,0,2009,35_82
1.387,6.34,41.0,0,1352,95.8,0.36,0,1984,8_93
0.831,6.1,37.1,0,2855,28.1,0.24,0,2011,27_88
0.0,0.0,35.0,0,3650.0,47.1,0.36,0,1970,36_71
51.143,7.4,138.8,9,94,45.5,0.36,1,1993,36_71
6.071,7.3,90.2,1,814,47.9,0.36,0,2015,24_95
34.079,6.5,171.3,6,93,31.0,0.36,1,1979,36_71
1.882,6.8,30.9,0,3650.0,18.4,0.24,0,2026,31_78
0.704,6.4,27.6,0,902,57.9,0.24,0,1997,34_91
4.173,6.3,36.8,0,3650.0,59.2,0.24,0,2015,35_73
6.945,6.5,39.9,2,3650.0,114.6,0.36,0,2024,12_92
3.597,6.3,43.2,0,2118,56.0,0.36,0,1988,6_94
3.802,6.3,43.9,1,609,68.6,0.36,0,1984,7_93
0.888,6.5,33.2,0,3650.0,13.1,0.24,0,2003,31_82
1.223,6.5,33.6,0,1012,6.4,0.24,0,1984,31_82
0.062,5.5,22.3,0,3650.0,577.6,0.1,0,2018,18_86
28.469,6.4,31.3,0,755,48.4,0.36,0,2017,7_94
0.0,0.0,35.0,0,3650.0,4.8,0.36,0,1970,34_70
12.472,6.6,74.9,1,3650.0,32.6,0.36,0,2024,36_69
1.774,6.8,54.5,0,2886,174.7,0.36,0,1999,12_93
6.355,7.3,90.9,0,421,16.8,0.36,0,2014,25_94
34.888,6.5,169.6,4,272,22.5,0.36,1,1980,36_71
55.93,7.4,142.1,6,270,51.1,0.36,1,2002,36_71
8.449,6.6,73.9,0,1142,35.1,0.36,0,1997,35_69
53.205,7.4,142.2,2,107,2.6,0.36,0,1991,36_70
53.31,7.4,142.2,1,153,26.7,0.36,0,1991,36_71
2.484,6.1,51.3,0,2897,7.0,0.36,0,2021,34_70
29.078,6.5,171.7,4,221,12.1,0.36,1,1978,36_70
7.598,7.3,90.4,1,335,2.6,0.36,0,2013,24_94
24.246,6.5,168.4,0,432,31.9,0.36,0,1976,36_71
34.674,6.5,169.3,3,105,16.3,0.36,1,1981,36_70
34.992,6.5,167.1,2,192,9.2,0.36,0,1981,36_70
3.009,6.0,63.1,0,3650.0,14.5,0.36,0,2012,24_93
2.906,6.5,32.7,0,3650.0,26.8,0.36,0,2019,29_81
40.428,7.4,162.4,7,187,12.9,0.36,1,1985,36_70
15.621,6.9,121.0,1,206,18.9,0.36,0,1994,36_69
8.515,5.7,25.5,0,796,29.3,0.36,0,2017,10_94
61.041,7.4,151.4,17,384,34.1,0.36,1,2008,36_70
2.756,6.4,40.4,2,1620,4.5,0.36,0,1989,26_97
1.687,6.7,43.1,0,992,15.5,0.36,0,2018,24_92
1.313,5.6,34.9,0,1230,31.9,0.36,0,1988,27_91
1.454,7.5,32.1,0,166,5.7,0.24,0,1998,35_87
27.261,6.34,30.9,2,195,60.8,0.36,0,2006,8_93
0.83,5.9,31.2,0,479,13.5,0.36,0,2003,30_70
1.189,5.9,26.8,0,2598,15.3,0.36,0,2009,30_70
1.2,7.5,30.5,0,3650.0,0.7,0.24,0,2016,35_87
0.098,5.5,25.0,0,3650.0,506.5,0.1,0,2010,18_87
51.142,7.4,144.9,1,384,22.6,0.36,0,1992,36_70
1.619,5.7,31.6,0,1796,76.1,0.36,0,1990,29_95
21.938,6.5,167.2,6,263,19.8,0.36,1,1976,36_70
0.655,6.1,36.8,0,2427,8.2,0.36,0,2000,25_97
0.0,0.0,35.0,0,3650.0,22.5,0.36,0,1972,34_69
0.0,0.0,35.0,0,3650.0,25.6,0.36,0,1970,36_71
0.91,6.34,29.4,0,2154,12.7,0.36,0,1976,8_94
19.969,6.5,170.2,2,94,16.4,0.36,0,1975,36_70
1.06,5.5,42.9,0,1667,44.2,0.36,0,1990,32_76
24.074,6.5,169.9,4,373,25.5,0.36,1,1976,36_71
4.927,6.18,143.2,5,235,3.7,0.36,1,1973,36_70
3.113,6.34,51.5,1,2575,55.7,0.36,0,1999,9_93
27.27,6.4,31.2,0,224,22.7,0.36,0,2016,7_94
1.02,6.1,29.1,0,1908,5.2,0.36,0,1991,31_86
1.111,6.0,25.4,0,1490,20.6,0.36,0,1995,15_96
1.256,6.0,24.7,0,3353,32.1,0.36,0,2013,15_96
1.543,6.0,32.7,0,1114,18.0,0.24,0,1989,34_80
1.44,6.8,30.1,0,3650.0,80.0,0.24,0,2018,31_77
34.723,6.5,165.7,3,320,37.0,0.36,1,1982,36_71
8.804,6.0,78.8,2,2441,4.2,0.36,0,2021,23_94
0.77,6.4,26.1,0,3650.0,75.4,0.24,0,2022,34_91
55.888,7.4,138.6,7,223,26.6,0.36,1,1992,36_71
33.529,6.5,111.3,3,498,82.4,0.36,1,2006,37_71
63.334,7.4,150.9,9,398,32.8,0.36,1,2008,36_70
4.096,6.16,64.3,2,810,47.4,0.36,0,2007,6_95
71.455,7.4,145.8,8,143,25.1,0.36,1,2012,36_71
31.478,6.5,170.0,4,132,44.9,0.36,1,1979,36_71
20.478,6.5,168.8,3,151,15.7,0.36,1,1975,36_70
3.329,7.3,76.9,0,274,16.2,0.36,0,2006,25_94
0.424,5.6,32.7,0,3650.0,19.0,0.36,0,2000,29_83
32.108,6.5,168.8,3,242,52.6,0.36,1,1980,36_71
1.11,5.9,33.3,1,1230,29.4,0.36,0,1992,24_91
5.799,5.4,111.9,2,3650.0,22.3,0.36,0,1987,37_72
34.838,6.5,167.5,3,578,13.9,0.36,1,1982,36_70
5.699,7.3,91.6,2,905,13.5,0.36,0,2008,25_95
70.684,7.4,146.7,5,98,21.7,0.36,1,2010,36_71
0.847,6.9,29.5,0,3650.0,9.9,0.36,0,2019,26_86
16.87,5.9,147.5,3,300,88.3,0.36,1,1979,37_71
80.127,7.5,149.5,7,178,9.1,0.36,1,2018,36_70
0.0,0.0,35.0,0,3650.0,68.7,0.24,0,1971,34_91
0.116,4.6,33.0,0,3650.0,65.2,0.24,0,1978,34_91
0.28,5.8,34.4,0,889,12.0,0.36,0,1991,6_92
0.0,0.0,35.0,0,3650.0,50.2,0.36,0,1985,21_97
5.588,7.3,92.1,0,398,27.3,0.36,0,2006,25_94
1.279,6.0,37.7,0,3650.0,9.1,0.36,0,2013,24_92
0.046,5.8,17.6,0,3650.0,93.2,0.24,0,2013,21_89
1.458,5.3,91.9,0,3650.0,20.4,0.36,0,1975,22_94
38.412,7.4,165.0,5,171,41.7,0.36,1,1985,36_71
1.841,6.5,60.6,0,3563,36.8,0.24,0,2004,21_93
0.0,0.0,35.0,0,3650.0,5.7,0.24,0,1970,28_88
4.482,6.28,29.7,0,282,50.3,0.36,0,2005,11_95
4.829,7.3,90.5,1,675,46.2,0.36,0,1994,24_95
5.043,6.28,28.3,0,2398,44.4,0.36,0,2011,11_95
0.194,6.0,23.9,0,2154,5.7,0.24,0,1995,37_91
65.223,7.4,140.1,17,380,40.0,0.36,1,2008,37_71
9.084,6.3,115.9,0,2925,6.4,0.36,0,2020,36_73
5.947,6.3,70.8,2,661,8.7,0.36,0,2014,36_73
4.605,5.4,121.6,0,3650.0,21.9,0.36,0,1984,37_72
4.171,6.3,49.5,0,333,34.8,0.36,0,1987,7_94
45.67,7.4,151.2,2,94,24.6,0.36,0,1996,36_70
20.545,6.5,171.8,2,162,8.7,0.36,0,1975,36_70
0.934,6.16,46.4,0,1047,54.5,0.36,0,1975,7_93
2.328,5.85,94.9,0,675,60.3,0.36,0,1974,35_70
7.808,6.6,52.5,1,3650.0,22.9,0.36,0,2022,37_70
28.325,6.34,31.5,0,293,41.0,0.36,0,2013,8_94
1.809,7.0,31.1,1,634,4.3,0.36,0,2015,23_95
22.75,6.5,168.5,5,410,19.5,0.36,1,1976,35_70
24.677,6.5,165.3,4,391,12.1,0.36,1,1976,36_70
0.768,6.0,29.1,0,677,81.8,0.36,0,2006,15_95
1.002,5.3,44.3,0,3650.0,1.9,0.36,0,1981,37_68
4.48,6.28,27.5,1,331,53.7,0.36,0,2021,12_95
1.703,6.8,60.3,0,332,148.7,0.36,0,1992,12_93
84.51,7.5,154.2,7,223,34.1,0.36,1,2025,36_71
2.242,5.9,29.7,0,274,36.2,0.36,0,1977,8_94
10.122,6.3,41.4,0,858,11.7,0.36,0,2007,6_94
14.014,6.6,35.3,0,162,13.3,0.36,0,2022,6_94
1.983,6.4,14.4,1,3650.0,4.2,0.36,0,2021,37_95
2.058,6.8,28.4,0,3650.0,98.1,0.24,0,2017,30_78
4.999,6.0,78.2,0,2351,20.3,0.36,0,1998,24_93
2.244,6.5,42.9,0,657,49.1,0.36,0,1993,29_81
0.0,0.0,35.0,0,3650.0,491.5,0.36,0,1988,9_86
1.443,6.2,46.3,0,2362,21.3,0.24,0,1998,35_74
2.911,5.7,33.0,2,2255,17.8,0.36,0,1991,29_95
2.099,6.5,81.6,0,3650.0,25.6,0.36,0,2005,20_94
2.841,6.3,34.0,0,2433,24.8,0.24,0,1982,35_80
6.264,7.3,92.1,0,699,28.3,0.36,0,1997,24_94
14.377,6.3,109.0,0,3650.0,41.0,0.36,0,2011,37_72
0.665,6.3,32.8,0,2310,5.6,0.36,0,1998,33_71
0.594,5.91,106.0,0,1851,1.4,0.36,0,1976,24_95
0.0,0.0,35.0,0,3650.0,8.0,0.24,0,1971,29_90
54.207,7.4,140.5,4,154,14.6,0.36,1,1994,36_70
7.184,5.3,120.3,1,3650.0,88.9,0.36,0,1982,37_72
14.269,5.8,89.5,1,3186,88.6,0.36,0,2001,37_72
1.094,6.34,38.3,0,2082,63.3,0.36,0,1976,9_93
0.361,5.4,26.2,0,3650.0,35.6,0.24,0,1992,30_90
1.019,6.2,36.0,0,3650.0,57.1,0.36,0,2003,29_87
75.357,7.5,150.3,5,556,22.0,0.36,1,2017,36_70
0.0,0.0,35.0,0,3650.0,10.0,0.36,0,1971,36_70
34.464,6.5,168.4,2,385,12.1,0.36,0,1982,36_70
3.59,6.3,60.5,0,150,35.1,0.36,0,1994,6_94
34.871,6.5,169.3,3,389,11.1,0.36,1,1980,36_70
31.438,6.5,168.4,4,169,38.4,0.36,1,1979,36_71
0.221,6.2,18.1,0,3650.0,816.2,0.16,0,2019,18_76
1.552,6.18,33.6,0,3650.0,29.9,0.36,0,1984,25_97
3.137,6.4,44.0,0,267,21.5,0.36,0,1995,26_96
28.226,6.6,30.7,0,856,20.5,0.36,0,2024,7_94
0.994,5.3,69.1,0,3650.0,3.1,0.24,0,1989,20_94
0.549,5.9,34.1,0,2440,27.9,0.1,0,2001,28_70
0.649,6.1,32.7,0,3650.0,49.7,0.36,0,1988,32_93
53.619,7.4,141.5,7,114,35.2,0.36,1,1994,36_71
2.963,6.5,79.8,0,3650.0,8.7,0.36,0,2015,21_93
6.469,7.3,92.2,0,419,46.6,0.36,0,2014,24_95
5.45,5.5,37.8,1,3048,6.2,0.36,0,1992,10_94
0.0,0.0,35.0,0,3650.0,7.2,0.36,0,1974,17_96
0.118,4.6,33.0,0,3650.0,59.9,0.24,0,1978,34_91
30.137,7.4,130.6,2,398,24.9,0.36,0,2008,36_69
0.0,0.0,35.0,0,3650.0,19.6,0.36,0,1970,36_70
2.653,6.18,40.2,0,829,10.4,0.36,0,2000,25_96
2.926,6.3,33.5,0,2431,29.4,0.24,0,1982,35_80
1.559,5.6,33.9,0,3222,58.4,0.36,0,1993,27_92
3.057,5.7,86.6,0,241,37.7,0.36,0,1984,24_95
81.885,7.5,151.3,11,254,14.2,0.36,1,2020,36_70
0.0,0.0,35.0,0,3650.0,4.6,0.36,0,1971,17_96
0.292,5.26,34.3,0,3650.0,14.5,0.36,0,1980,32_69
83.434,7.5,152.3,8,184,29.2,0.36,1,2022,36_71
33.704,6.5,167.0,0,161,20.2,0.36,0,1981,36_70
0.0,0.0,35.0,0,3650.0,44.2,0.36,0,1974,34_97
43.1,7.4,149.5,8,165,9.8,0.36,1,1989,36_70
4.555,6.3,54.4,0,393,15.2,0.36,0,1992,6_94
0.0,0.0,35.0,0,3650.0,24.0,0.24,0,1979,30_88
3.536,6.2,32.6,0,1251,26.2,0.24,0,2002,30_88
75.333,7.5,156.5,15,221,33.8,0.36,1,2020,36_70
1.445,6.6,41.2,0,1124,23.3,0.36,0,2006,19_95
2.361,6.9,39.1,0,3650.0,81.6,0.24,0,2026,35_78
1.632,6.5,31.9,2,1327,79.4,0.36,0,1984,29_80
0.14,5.2,33.0,0,3650.0,21.2,0.36,0,1991,35_95
2.027,5.6,31.6,0,3541,14.3,0.36,0,1984,29_68
2.545,5.6,30.8,0,3650.0,12.6,0.36,0,1986,29_68
3.977,7.1,31.7,1,3538,11.2,0.36,0,2007,30_68
0.408,5.3,27.5,0,3650.0,24.7,0.36,0,1972,24_92
53.316,7.4,141.6,1,392,19.8,0.36,0,1992,36_70
0.0,0.0,35.0,0,3650.0,566.8,0.16,0,1994,23_80
1.792,5.5,32.9,0,3433,10.8,0.36,0,1984,30_68
0.302,5.6,49.7,0,1937,14.7,0.36,0,1980,29_85
1.65,7.5,31.3,0,1273,9.1,0.24,0,2004,35_87
0.0,0.0,35.0,0,3650.0,9.7,0.36,0,1973,22_92
50.193,7.4,146.7,9,180,5.3,0.36,1,1988,36_70
2.505,6.18,38.0,0,3650.0,0.6,0.36,0,2011,25_96
26.049,7.4,138.4,4,607,26.8,0.36,1,2001,37_70
24.639,6.5,170.0,3,439,32.8,0.36,1,1976,36_71
63.245,7.4,143.6,12,91,23.9,0.36,1,2006,36_71
62.754,7.5,153.1,10,133,12.9,0.36,1,2018,36_70
5.378,7.3,90.9,0,628,43.1,0.36,0,2000,24_95
0.0,0.0,35.0,0,3650.0,11.9,0.36,0,1972,37_78
14.092,6.18,159.5,2,386,26.9,0.36,0,1980,37_70
0.634,6.2,33.0,0,3650.0,24.8,0.24,0,1993,30_88
1.367,6.16,85.6,0,427,35.4,0.36,0,1973,7_94
3.405,6.2,28.2,0,1784,29.2,0.24,0,2023,30_88
1.836,5.7,38.7,0,3650.0,50.0,0.36,0,2009,27_86
56.615,7.4,141.2,8,96,17.0,0.36,1,1998,36_71
1.219,6.0,38.8,0,266,39.6,0.36,0,2009,34_69
1.886,6.8,26.3,0,3650.0,116.5,0.36,0,2024,30_79
1.415,5.9,52.7,0,2667,13.8,0.36,0,1980,24_93
61.148,7.4,142.8,6,107,5.2,0.36,1,2004,36_70
3.214,5.8,26.0,1,2287,7.9,0.1,0,2022,30_69
53.949,7.4,135.6,9,119,45.4,0.36,1,1993,36_71
0.951,5.31,20.0,0,3650.0,4.9,0.1,0,1974,30_69
3.202,5.7,29.4,0,3613,8.5,0.1,0,2009,29_69
0.0,0.0,35.0,0,3650.0,35.6,0.36,0,1970,36_71
1.622,6.1,29.0,1,2469,22.6,0.36,0,2016,32_92
74.303,7.5,151.9,8,206,24.0,0.36,1,2018,36_70
44.406,7.4,154.4,5,97,34.2,0.36,1,1988,35_70
2.188,6.4,44.1,0,943,5.7,0.36,0,2003,26_97
24.914,6.5,171.2,8,457,18.2,0.36,1,1976,36_70
1.24,5.9,90.9,0,2303,101.8,0.36,0,1999,6_95
7.5,6.2,45.3,1,977,118.8,0.36,0,2026,10_92
5.249,5.7,88.7,1,2271,26.2,0.36,0,1998,23_94
1.753,5.7,46.3,0,1905,117.4,0.36,0,1981,9_92
1.031,5.7,45.5,0,3650.0,26.6,0.24,0,1997,21_92
3.106,7.7,11.4,1,3497,11.6,0.36,0,2015,23_70
0.143,4.9,33.0,0,3650.0,27.4,0.36,0,1998,23_69
3.418,7.7,11.0,0,262,36.4,0.36,0,2006,23_70
62.93,7.4,144.3,9,180,15.3,0.36,1,2006,36_70
0.673,6.9,27.7,0,3650.0,39.0,0.24,0,1996,34_86
19.875,6.34,32.1,2,2836,17.7,0.36,0,2020,8_94
0.515,5.39,30.0,0,3650.0,71.0,0.36,0,1981,33_95
2.982,6.8,51.8,0,1639,168.6,0.36,0,1987,12_93
4.032,6.16,60.6,1,1124,64.9,0.36,0,2008,6_94
0.555,7.8,18.0,0,908,8.6,0.24,0,2004,35_90
0.0,0.0,35.0,0,3650.0,13.3,0.24,0,1985,35_93
0.757,5.6,14.0,0,3650.0,14.7,0.24,0,2025,35_93
75.055,7.4,148.8,10,129,44.6,0.36,1,2021,36_71
2.277,6.5,41.8,0,1974,38.3,0.36,0,1997,29_81
58.624,7.4,149.6,8,301,29.3,0.36,1,2006,36_70
0.0,0.0,35.0,0,3650.0,24.1,0.36,0,1970,36_70
49.888,7.4,144.3,7,169,25.2,0.36,1,1989,36_70
15.647,6.9,100.4,7,2164,15.6,0.36,1,2008,36_69
18.447,6.9,108.3,0,1013,16.7,0.36,0,2022,36_69
19.651,6.9,112.9,2,1888,19.7,0.36,0,2024,35_69
0.343,5.1,38.9,0,3650.0,5.6,0.36,0,1999,30_81
0.358,5.6,30.9,0,3494,71.9,0.36,0,2012,34_94
1.706,5.9,28.7,0,2719,10.3,0.36,0,2009,30_69
2.011,6.8,50.4,0,2355,121.1,0.36,0,1989,13_93
10.242,6.8,37.0,1,2096,128.2,0.36,0,2016,13_93
10.404,6.8,35.1,0,851,126.1,0.36,0,2012,13_93
1.23,5.2,51.7,0,3650.0,90.1,0.36,0,1985,6_94
2.102,6.8,44.6,0,3650.0,109.8,0.36,0,1995,12_92
3.142,6.3,39.9,0,3650.0,16.4,0.24,0,2016,35_74
0.95,6.0,62.0,0,3650.0,7.6,0.24,0,2025,19_94
9.529,6.18,144.5,1,2135,20.6,0.36,0,1978,35_69
0.329,6.1,35.0,0,3650.0,45.1,0.24,0,1991,27_89
2.066,5.7,37.4,0,3650.0,87.1,0.36,0,1998,12_92
43.832,7.4,154.3,2,166,28.6,0.36,0,1988,35_70
0.669,5.9,31.4,0,2378,10.1,0.36,0,1983,37_96
0.0,0.0,35.0,0,3650.0,10.0,0.24,0,1972,34_89
0.457,5.1,30.0,0,3650.0,100.5,0.36,0,1974,6_93
0.541,5.1,50.7,0,3650.0,4.7,0.36,0,1992,22_92
1.26,6.1,35.5,1,1870,8.9,0.36,0,2012,22_92
4.395,6.8,56.4,0,3650.0,173.7,0.36,0,2025,12_93
0.444,5.17,27.9,0,3650.0,17.0,0.36,0,1976,29_95
1.826,6.6,39.2,2,1323,49.4,0.36,0,2011,19_95
10.854,7.6,13.3,0,626,8.0,0.36,0,2007,34_73
9.813,6.8,37.1,1,3650.0,131.9,0.36,0,2021,12_93
0.283,5.9,31.4,0,3650.0,5.9,0.24,0,1987,31_91
53.587,7.4,142.4,6,255,6.3,0.36,1,1992,36_70
0.149,4.3,36.5,0,3650.0,14.0,0.24,0,1983,33_89
0.0,0.0,35.0,0,3650.0,17.7,0.36,0,1970,36_71
1.328,6.34,44.7,0,3320,13.4,0.36,0,1979,8_94
0.938,6.4,19.4,0,1507,3.2,0.36,0,2008,37_96
0.554,5.9,29.5,0,3650.0,2.7,0.36,0,1989,37_96
0.437,5.51,28.1,0,3650.0,18.5,0.36,0,1986,30_83
4.497,6.28,28.7,0,758,42.0,0.36,0,2016,12_95
4.391,6.28,29.6,1,2711,47.9,0.36,0,2012,12_94
1.057,6.28,21.4,0,722,46.6,0.36,0,1974,12_95
3.676,6.28,32.3,0,460,45.3,0.36,0,1992,12_94
34.54,6.5,167.8,2,354,11.8,0.36,0,1982,36_70
2.124,6.1,26.7,0,658,25.7,0.24,0,2012,32_92
1.107,6.0,27.0,0,3650.0,65.6,0.36,0,2017,15_95
0.655,5.6,31.5,0,3650.0,1.2,0.36,0,2020,31_81
3.691,7.2,32.9,0,3650.0,94.5,0.36,0,2023,6_93
27.572,6.3,32.9,0,1623,56.1,0.36,0,2010,7_93
0.362,5.8,22.5,0,3650.0,10.7,0.36,0,2025,20_97
12.898,6.34,34.3,0,1210,37.3,0.36,0,2015,8_93
29.291,6.3,31.8,0,1104,84.2,0.36,0,2008,7_93
7.78,6.3,50.4,0,1951,18.8,0.36,0,2010,6_94
0.276,5.1,42.7,0,3650.0,105.0,0.36,0,1984,6_93
6.657,6.1,32.9,0,2066,78.9,0.36,0,2012,12_92
4.95,6.6,34.6,1,1351,92.7,0.36,0,2010,8_92
2.981,5.7,48.6,0,3650.0,123.2,0.36,0,1993,12_92
0.357,5.38,49.0,0,3650.0,73.0,0.36,0,1992,8_92
2.271,5.7,37.5,0,3650.0,91.6,0.36,0,1995,12_92
5.171,7.5,32.2,0,2433,74.3,0.36,0,2017,8_92
10.228,7.5,33.4,5,1225,83.2,0.36,1,2013,13_93
5.651,7.2,30.6,0,364,77.0,0.36,0,2026,7_92
4.143,6.3,45.2,0,212,46.1,0.36,0,1994,6_94
6.098,7.2,31.8,0,818,70.7,0.36,0,2009,6_92
2.369,6.34,29.2,0,126,41.2,0.36,0,1977,8_94
1.74,6.1,37.4,1,3650.0,78.4,0.36,0,1995,10_92
2.634,5.7,58.1,0,3650.0,37.1,0.36,0,1991,10_93
1.545,6.8,49.1,0,3650.0,112.6,0.36,0,1994,13_93
3.261,6.2,38.9,0,2219,116.0,0.36,0,2000,7_93
5.292,6.2,40.5,0,153,44.9,0.36,0,1999,8_94
4.396,6.6,33.6,0,268,83.3,0.36,0,2018,8_92
0.939,6.34,33.7,1,2468,32.7,0.36,0,1977,8_93
0.949,5.6,38.8,0,1699,68.1,0.36,0,1982,13_92
0.073,5.3,53.5,0,3650.0,45.4,0.36,0,1983,7_92
2.623,5.63,60.1,1,3650.0,23.6,0.36,0,1991,10_93
3.064,6.5,35.3,0,193,76.7,0.36,0,2004,13_92
1.148,5.6,43.7,0,2172,80.6,0.36,0,1984,13_92
0.875,5.6,41.9,0,3650.0,80.5,0.36,0,1989,13_92
0.167,5.38,35.1,0,3650.0,75.8,0.36,0,1976,8_92
8.279,6.5,30.5,1,106,53.7,0.36,0,2007,12_92
5.082,7.2,32.6,0,154,90.1,0.36,0,2006,6_93
0.368,5.3,49.7,0,3650.0,81.9,0.36,0,2000,7_92
6.523,6.1,33.0,0,3650.0,76.2,0.36,0,2019,12_92
6.282,6.6,31.3,0,1291,90.1,0.36,0,2012,11_92
0.86,6.6,28.2,0,973,55.8,0.36,0,1975,7_91
4.047,6.3,46.5,0,888,36.3,0.36,0,1988,7_94
11.05,6.2,33.3,0,371,115.8,0.36,0,2008,8_93
9.729,6.34,35.3,0,420,27.2,0.36,0,2022,9_93
1.01,6.34,29.4,0,468,90.2,0.36,0,1972,8_93
9.08,6.6,35.4,0,3534,101.0,0.36,0,2021,8_93
2.707,6.1,38.6,0,452,78.5,0.36,0,2004,12_92
7.137,7.2,30.6,0,970,34.0,0.36,0,2013,7_92
0.0,0.0,35.0,0,3650.0,56.7,0.36,0,1970,7_93
0.283,5.8,41.3,0,3650.0,43.3,0.36,0,2001,6_92
1.814,6.2,38.7,0,2041,122.6,0.36,0,1997,8_93
26.046,6.3,33.6,2,851,29.7,0.36,0,2007,7_94
5.792,7.2,31.0,1,3650.0,60.2,0.36,0,2018,7_92
4.084,7.2,29.4,0,781,35.8,0.36,0,2019,6_92
9.2,6.6,26.8,0,2125,87.3,0.36,0,2024,10_92
0.4,5.7,33.9,0,3650.0,17.2,0.36,0,1990,10_91
8.745,6.6,23.3,0,1924,25.7,0.36,0,2014,10_91
1.255,5.7,39.3,0,3650.0,77.2,0.36,0,1990,10_92
0.081,4.4,33.0,0,3650.0,25.0,0.36,0,1994,14_92
5.457,7.5,32.3,2,1339,9.3,0.36,0,2013,14_92
0.0,0.0,35.0,0,3650.0,48.1,0.36,0,1972,7_92
4.476,6.34,39.7,0,2228,43.6,0.36,0,2000,8_94
31.152,6.2,31.2,1,369,51.9,0.36,0,2006,8_94
28.038,6.2,32.1,0,131,57.7,0.36,0,2012,7_94
2.484,6.2,41.8,0,352,58.4,0.36,0,1981,7_94
27.011,6.4,30.4,1,1427,43.9,0.36,0,2026,7_94
29.12,6.4,30.9,0,1235,57.4,0.36,0,2018,8_94
28.915,6.4,30.0,0,432,46.5,0.36,0,2023,7_94
29.218,6.4,30.5,1,631,50.6,0.36,0,2020,7_94
3.094,5.9,34.3,0,338,48.1,0.36,0,1977,7_94
29.707,6.2,31.8,1,1165,61.1,0.36,0,2008,7_93
0.633,5.9,21.7,0,821,57.9,0.36,0,1974,7_94
4.201,6.2,45.2,0,781,50.4,0.36,0,1993,7_94
5.666,6.2,41.7,8,1151,49.9,0.36,1,2004,7_94
5.305,6.16,44.9,3,403,35.0,0.36,1,1999,7_94
3.747,6.2,41.8,0,1046,46.4,0.36,0,1989,8_94
4.569,6.34,52.1,0,1848,24.2,0.36,0,1999,9_93
5.147,6.2,41.9,2,736,35.3,0.36,0,2000,8_94
4.248,6.2,41.7,0,331,58.4,0.36,0,1995,8_93
4.968,6.2,29.1,2,433,24.5,0.36,0,2008,10_91
4.419,6.3,44.7,1,523,47.0,0.36,0,1992,7_94
0.528,5.5,23.9,0,2321,14.0,0.36,0,1977,30_83
0.778,5.8,28.1,0,2600,106.9,0.36,0,2012,28_94
79.907,7.5,148.4,14,140,42.2,0.36,1,2018,36_71
1.429,5.7,43.7,0,545,124.3,0.36,0,1975,10_92
24.601,6.5,168.8,5,413,4.6,0.36,1,1976,36_70
0.0,0.0,35.0,0,3650.0,42.6,0.36,0,1973,7_92
0.0,0.0,35.0,0,3650.0,16.5,0.36,0,1973,8_91
4.686,6.3,45.8,0,319,39.3,0.36,0,1992,7_94
0.11,4.7,33.0,0,3650.0,17.4,0.36,0,1988,8_91
9.095,7.3,90.0,1,2946,14.5,0.36,0,2026,24_94
1.439,6.2,39.8,0,3296,5.3,0.24,0,1984,34_73
1.064,5.33,37.0,0,3650.0,10.5,0.24,0,1991,34_73
11.683,7.6,19.0,1,1347,17.0,0.36,0,2012,34_73
1.811,6.2,36.6,0,2051,4.2,0.24,0,1980,34_73
9.504,7.6,16.7,0,3650.0,9.4,0.36,0,2020,34_73
1.517,6.2,36.7,0,3650.0,3.0,0.36,0,1989,34_73
10.513,7.6,15.3,0,1068,16.8,0.36,0,2012,34_73
1.335,6.2,31.9,0,3650.0,8.5,0.36,0,1993,34_73
1.501,6.2,32.2,0,3650.0,11.7,0.36,0,2003,34_73
1.702,6.2,34.5,0,3650.0,10.3,0.36,0,1985,34_73
8.831,7.6,16.5,0,3650.0,7.6,0.36,0,2024,34_73
9.049,7.6,16.7,0,3650.0,12.5,0.36,0,2024,34_73
1.809,6.2,32.8,0,2056,13.1,0.36,0,1980,34_73
1.609,6.2,32.5,1,3650.0,9.7,0.36,0,1985,34_73
1.209,6.2,34.6,0,3650.0,3.2,0.36,0,1998,34_73
34.258,6.5,170.3,4,149,31.8,0.36,1,1980,36_71
9.263,6.8,38.0,1,3650.0,139.4,0.36,0,2022,13_93
0.0,0.0,35.0,0,3650.0,65.6,0.36,0,1972,11_92
1.772,5.6,35.1,0,3650.0,10.7,0.36,0,1998,26_91
2.217,7.7,11.0,0,3650.0,41.7,0.36,0,2021,23_70
3.452,7.7,10.8,0,1073,37.9,0.36,0,2004,23_70
0.586,5.8,30.3,0,882,12.7,0.24,0,2005,35_89
0.278,4.9,36.0,0,3650.0,7.2,0.24,0,1988,31_90
1.845,5.31,72.9,0,3650.0,9.9,0.36,0,1977,23_94
5.849,7.2,29.0,0,2287,19.5,0.36,0,2023,6_92
4.407,7.2,28.0,0,380,47.1,0.36,0,2026,6_92
0.681,5.39,30.3,0,3650.0,37.0,0.36,0,1992,32_96
2.668,5.3,45.3,0,3650.0,21.4,0.36,0,1979,37_68
0.66,5.68,68.3,0,3650.0,15.2,0.36,0,1997,37_74
2.422,6.9,40.7,0,3650.0,89.9,0.24,0,2024,35_78
1.534,6.1,39.7,0,1788,87.2,0.36,0,1981,10_92
6.883,7.5,30.9,0,1113,72.8,0.36,0,2021,8_92
58.708,7.4,141.3,6,124,12.2,0.36,1,2001,36_70
9.163,6.6,32.2,1,2802,67.6,0.36,0,2018,12_92
1.63,6.1,25.3,0,524,10.7,0.24,0,2008,34_81
0.06,4.5,33.0,0,3650.0,58.6,0.36,0,2003,31_97
0.0,0.0,35.0,0,3650.0,35.2,0.36,0,1976,7_92
2.017,6.6,35.7,0,898,49.8,0.36,0,2015,19_95
0.0,0.0,35.0,0,3650.0,14.0,0.24,0,1971,22_92
1.629,6.4,23.2,0,2286,9.2,0.24,0,2014,32_85
1.65,5.7,41.3,0,1280,129.2,0.36,0,1979,10_92
1.636,6.4,22.5,0,429,9.9,0.24,0,2009,32_85
0.886,5.4,33.4,0,3650.0,4.3,0.24,0,2002,32_85
3.738,7.2,19.6,0,1230,6.5,0.24,0,2011,35_81
1.147,5.5,28.9,0,1206,8.8,0.24,0,1984,35_81
8.932,6.6,23.1,1,196,29.0,0.36,0,2009,11_91
0.686,6.1,32.9,0,3650.0,24.0,0.36,0,1986,10_91
8.249,6.6,23.1,0,3022,19.4,0.36,0,2017,10_91
0.245,5.6,36.5,0,3386,8.1,0.24,0,1994,35_88
7.84,6.6,22.4,0,2540,27.1,0.36,0,2025,11_91
8.348,6.6,23.2,1,1769,16.3,0.36,0,2013,10_91
0.954,6.1,31.1,1,314,6.1,0.36,0,2012,25_97
3.079,6.7,17.2,0,250,1.9,0.36,0,2009,30_83
53.931,7.4,141.6,6,305,12.7,0.36,1,1992,36_70
0.5,5.51,28.9,0,1674,2.1,0.36,0,1978,30_83
0.356,5.1,32.3,0,3650.0,10.5,0.36,0,1995,10_91
1.082,6.0,31.8,0,738,23.6,0.36,0,2010,33_69
0.86,5.5,25.5,0,3650.0,4.6,0.24,0,1992,29_90
1.622,6.3,20.4,0,1192,2.4,0.24,0,2012,29_90
83.411,7.5,150.3,7,153,16.5,0.36,1,2021,36_70
2.183,6.4,14.9,0,3650.0,1.8,0.36,0,2025,37_95
0.789,6.1,32.3,0,3650.0,18.9,0.36,0,2004,10_91
2.142,6.17,166.7,0,146,29.2,0.36,0,1972,36_71
72.168,7.4,146.4,9,397,7.8,0.36,1,2014,36_70
57.12,7.4,143.0,3,121,15.4,0.36,1,2000,36_70
0.909,5.3,39.1,0,3650.0,6.8,0.24,0,1995,34_73
1.694,6.1,28.3,3,3650.0,42.4,0.36,1,2023,31_85
0.4,5.1,34.3,0,3650.0,44.9,0.36,0,1995,14_92
8.625,7.3,88.7,0,799,17.8,0.36,0,2020,24_94
0.0,0.0,35.0,0,3650.0,44.5,0.36,0,1971,14_92
2.34,6.4,14.1,0,2566,13.1,0.36,0,2016,37_95
0.403,5.9,33.3,0,3650.0,11.1,0.36,0,1987,37_95
0.506,5.9,33.5,0,355,15.1,0.36,0,1978,37_95
0.411,5.9,30.7,0,119,6.2,0.36,0,1991,37_95
6.896,6.4,90.0,1,398,6.3,0.36,0,2006,24_94
1.407,6.1,32.6,0,1525,57.6,0.36,0,2014,27_91
1.659,6.8,73.3,1,1280,38.7,0.36,0,2020,20_94
54.257,7.4,140.7,9,135,11.3,0.36,1,1991,36_70
63.55,7.4,143.5,15,246,4.9,0.36,1,2006,36_70
0.317,5.1,40.3,0,3650.0,17.6,0.36,0,1992,29_86
0.144,4.8,33.2,0,3650.0,15.6,0.36,0,1997,8_91
8.989,7.3,89.0,0,1643,18.5,0.36,0,2022,24_94
1.14,5.6,35.8,0,3039,57.0,0.36,0,2003,27_91
20.543,6.5,160.7,1,560,20.4,0.36,0,1981,35_70
3.599,5.5,81.2,0,384,33.6,0.36,0,1987,23_94
0.981,6.1,29.0,0,1518,8.8,0.24,0,1998,32_92
0.639,5.6,42.9,0,1082,69.4,0.36,0,1981,13_92
1.47,6.9,20.4,0,2921,22.8,0.36,0,2018,33_96
0.594,5.39,28.9,0,3650.0,13.7,0.36,0,1986,33_96
0.804,5.39,30.1,0,3650.0,29.2,0.36,0,1987,33_96
2.24,5.3,65.9,0,3650.0,114.7,0.36,0,1989,11_93
1.672,6.9,20.9,0,1228,19.3,0.36,0,2013,33_96
0.08,4.8,33.5,0,3650.0,24.5,0.36,0,1995,7_91
10.9,6.8,35.9,1,1406,114.0,0.36,0,2023,13_93
7.041,7.5,30.4,0,2532,7.1,0.36,0,2017,7_91
28.512,6.4,30.4,0,592,48.9,0.36,0,2023,7_94
60.026,7.4,142.7,2,201,11.0,0.36,0,2002,36_70
6.494,5.5,38.1,0,699,34.0,0.36,0,1986,10_94
6.62,7.3,91.5,1,773,10.9,0.36,0,1997,24_94
0.0,0.0,35.0,0,3650.0,1.2,0.36,0,1971,24_97
34.798,6.5,168.7,5,132,11.9,0.36,1,1981,36_70
35.14,6.5,167.5,5,122,6.8,0.36,1,1981,36_70
5.286,6.6,40.4,0,1082,101.6,0.36,0,2014,9_92
0.636,5.2,27.0,0,3650.0,39.7,0.24,0,1979,27_88
83.981,7.5,151.3,7,291,24.2,0.36,1,2021,36_71
5.168,7.3,90.1,0,186,35.4,0.36,0,1995,24_95
27.8,6.3,32.2,0,197,71.6,0.36,0,2012,7_93
5.165,6.3,58.7,0,400,9.4,0.36,0,2013,36_73
13.94,6.34,33.3,0,1728,17.3,0.36,0,2009,8_93
3.345,6.34,48.8,0,2912,4.6,0.36,0,2000,9_93
11.332,6.6,109.3,2,869,15.9,0.36,0,1986,36_69
0.414,7.0,68.1,0,1080,45.7,0.36,0,1974,25_94
34.986,6.5,168.9,5,345,7.6,0.36,1,1980,36_70
14.781,5.89,159.7,5,557,57.5,0.36,1,1976,37_71
6.72,5.7,83.6,2,541,3.4,0.36,0,2014,22_94
0.0,0.0,35.0,0,3650.0,28.6,0.24,0,1976,35_82
1.846,7.0,23.0,0,195,9.7,0.36,0,2022,23_95
0.397,5.91,15.0,0,1230,13.8,0.36,0,1975,22_95
0.723,5.91,29.6,0,3650.0,12.3,0.36,0,1983,23_95
3.233,5.5,86.5,1,2726,34.4,0.36,0,1983,22_94
21.986,6.5,170.3,1,206,29.4,0.36,0,1977,35_70
4.135,7.3,89.2,0,943,13.4,0.36,0,1992,25_95
0.184,5.38,47.0,0,3650.0,47.5,0.36,0,1980,19_95
2.684,6.1,43.8,2,2592,13.5,0.36,0,2020,34_70
2.556,5.4,41.2,0,3650.0,76.1,0.24,0,2007,33_75
0.549,5.7,30.9,0,3650.0,79.4,0.36,0,2024,30_97
1.713,7.0,18.7,0,821,1.6,0.36,0,2023,22_95
4.488,6.28,26.4,0,1928,38.3,0.36,0,2025,12_95
0.44,5.5,27.9,0,3588,10.8,0.24,0,1990,35_82
1.889,7.2,13.3,0,1135,12.3,0.24,0,2017,35_82
5.939,6.3,45.1,0,2141,24.1,0.36,0,2004,7_94
27.688,6.3,32.7,0,1628,21.0,0.36,0,2010,7_94
5.687,6.3,44.5,0,270,22.0,0.36,0,1997,7_94
0.057,6.0,30.1,0,3197,444.5,0.1,0,2023,18_88
0.579,6.1,35.6,0,1355,8.1,0.36,0,1997,24_97
0.976,6.1,26.9,0,2537,9.2,0.36,0,2021,24_97
20.252,6.5,171.5,2,138,11.9,0.36,0,1975,36_70
4.589,6.28,26.7,0,1640,42.7,0.36,0,2025,12_95
0.657,6.28,23.4,2,2328,52.4,0.36,0,1979,12_95
4.134,6.3,49.8,0,919,17.3,0.36,0,1988,7_94
5.307,6.2,58.9,1,1664,42.6,0.36,0,2026,23_93
0.992,5.6,37.4,0,3650.0,55.7,0.36,0,1989,28_84
0.918,5.7,34.0,0,3650.0,46.3,0.36,0,1994,27_85
0.799,5.7,26.2,0,1242,70.1,0.36,0,1977,27_86
0.908,5.6,39.0,0,3541,60.7,0.36,0,1984,28_84
1.012,5.7,38.8,0,3650.0,80.2,0.36,0,1991,27_85
0.253,5.2,33.0,0,3650.0,14.1,0.36,0,1985,28_87
6.412,7.3,15.0,0,1641,75.4,0.36,0,2019,27_86
0.862,5.7,34.2,0,1041,69.1,0.36,0,1977,27_86
0.911,5.7,29.8,0,3650.0,67.6,0.36,0,1984,27_86
1.0,5.41,10.0,0,3650.0,69.9,0.36,0,1970,27_86
1.356,5.7,30.2,0,3038,60.2,0.36,0,2006,27_86
4.439,6.17,171.1,2,275,42.0,0.36,0,1973,36_71
0.524,5.1,37.3,0,3650.0,17.7,0.36,0,1991,37_78
4.526,6.28,32.9,0,2251,35.9,0.36,0,1996,11_95
55.47,7.4,138.5,7,132,33.1,0.36,1,1994,36_71
2.291,5.7,22.7,1,3650.0,25.9,0.1,0,2026,29_70
50.184,7.4,146.0,9,123,13.2,0.36,1,1988,36_70
33.455,6.5,167.8,4,367,14.8,0.36,1,1980,36_70
4.267,6.3,53.4,1,483,7.0,0.36,0,1983,6_94
3.542,6.3,57.9,0,383,16.7,0.36,0,1983,6_94
0.897,6.16,92.4,0,1517,16.8,0.36,0,1975,6_94
2.184,6.16,60.2,3,3153,58.4,0.36,1,1985,6_94
78.104,7.5,149.5,9,132,53.0,0.36,1,2021,36_71
56.434,7.4,139.5,2,93,26.6,0.36,0,1996,36_71
2.372,6.3,62.3,0,3650.0,16.0,0.36,0,2009,24_93
57.04,7.4,139.6,5,95,9.4,0.36,1,1997,36_70
63.71,7.4,144.1,11,184,27.9,0.36,1,2006,36_71
3.773,5.6,84.9,0,1910,13.3,0.36,0,1994,23_94
2.26,6.5,82.0,0,2015,27.5,0.36,0,2015,20_94
1.459,5.9,27.1,0,728,143.8,0.36,0,2018,32_94
0.067,5.0,29.4,0,3650.0,8.0,0.24,0,2014,37_84
0.886,5.9,36.9,0,3650.0,16.8,0.36,0,2009,24_92
0.0,0.0,35.0,0,3650.0,22.3,0.36,0,1977,6_92
4.919,6.4,24.8,0,2233,25.6,0.36,0,2023,29_94
1.578,5.63,80.7,0,703,21.1,0.36,0,1973,24_94
0.667,6.1,31.4,0,3650.0,27.8,0.36,0,2009,18_96
0.137,4.8,33.2,0,3650.0,10.4,0.36,0,1999,8_91
86.785,7.5,151.6,13,174,5.7,0.36,1,2024,36_70
49.654,7.4,131.7,8,128,49.6,0.36,1,1990,36_71
7.737,6.6,22.4,0,1206,15.1,0.36,0,2021,10_91
3.441,6.2,28.2,0,1474,69.5,0.36,0,2023,30_87
78.402,7.5,148.0,11,229,13.3,0.36,1,2016,36_70
27.67,6.3,33.1,0,1611,13.8,0.36,0,2010,7_94
0.675,5.1,25.8,0,3650.0,75.3,0.36,0,1995,28_94
0.606,5.1,39.9,0,3650.0,69.5,0.36,0,1986,13_92
1.877,5.5,37.5,0,1209,80.9,0.36,0,2022,27_92
50.163,7.4,149.6,2,159,13.0,0.36,0,2009,36_70
57.376,7.4,141.4,9,148,22.6,0.36,1,2001,36_70
3.093,6.3,38.0,0,1493,14.2,0.24,0,2006,35_74
1.394,6.2,36.8,0,573,33.3,0.36,0,2000,28_87
4.995,5.6,82.8,1,3510,9.9,0.36,0,1999,22_94
6.348,5.3,124.3,0,3650.0,88.4,0.36,0,1979,37_72
1.024,5.3,54.5,0,3650.0,43.7,0.36,0,1984,23_93
0.402,5.5,29.2,0,3650.0,29.8,0.24,0,1999,35_82
4.037,6.28,28.6,0,977,32.9,0.36,0,2007,11_94
3.105,6.28,32.1,0,1739,20.3,0.36,0,1996,12_94
0.36,5.5,30.3,0,3650.0,2.3,0.24,0,2006,33_86
2.663,6.7,57.3,1,1346,22.5,0.36,0,2019,24_93
35.198,6.5,167.3,4,405,11.8,0.36,1,1980,36_70
1.206,5.6,28.3,0,715,59.1,0.36,0,2006,31_92
0.97,7.5,28.8,0,3650.0,3.1,0.24,0,2016,34_87
0.0,0.0,35.0,0,3650.0,17.3,0.36,0,1970,26_92
1.493,7.0,19.5,0,1936,2.2,0.36,0,2019,22_95
13.03,6.34,32.9,0,2433,15.8,0.36,0,2011,8_94
10.027,6.34,34.0,1,846,19.0,0.36,0,2007,9_94
0.589,6.34,18.6,0,950,16.0,0.36,0,1975,8_94
3.284,6.5,92.0,0,3650.0,33.3,0.36,0,1987,22_94
4.215,5.7,64.8,1,718,47.0,0.36,0,2016,22_93
0.612,5.2,35.3,1,3650.0,14.7,0.36,0,2002,31_87
72.997,7.4,148.2,11,224,29.7,0.36,1,2015,36_71
26.804,6.6,31.0,0,1530,26.1,0.36,0,2026,7_94
0.752,6.0,31.4,0,451,27.0,0.36,0,2009,33_69
0.206,5.36,16.6,0,3650.0,10.8,0.24,0,1974,33_92
2.975,5.3,83.1,0,3650.0,10.5,0.36,0,1988,23_94
2.398,6.5,41.9,0,863,57.4,0.36,0,1994,29_81
0.727,5.9,26.2,0,111,84.8,0.36,0,2019,28_94
34.889,6.5,166.5,4,278,13.9,0.36,1,1982,36_70
72.153,7.4,146.3,13,304,10.4,0.36,1,2013,36_70
1.529,6.34,41.3,0,148,10.2,0.36,0,1981,8_93
0.355,6.34,23.7,0,773,6.2,0.36,0,1972,8_93
3.555,6.4,52.7,2,568,8.0,0.36,0,2024,25_96
1.152,6.0,24.4,0,206,22.7,0.36,0,1991,15_96
1.593,5.7,54.5,0,3011,66.7,0.36,0,1984,10_93
64.812,7.4,142.3,11,364,11.4,0.36,1,2006,36_70
1.164,5.4,32.8,0,3650.0,73.5,0.36,0,1978,29_81
1.325,5.6,48.5,0,2236,43.1,0.36,0,1990,28_82
0.096,5.4,45.3,0,3650.0,41.9,0.24,0,1980,23_90
73.326,7.4,146.3,10,220,20.6,0.36,1,2015,36_70
0.833,6.1,30.3,0,3650.0,57.6,0.24,0,1996,33_92
3.204,6.4,51.6,0,3650.0,14.4,0.36,0,2015,26_96
0.444,6.0,32.5,0,3650.0,21.4,0.24,0,1994,33_81
0.667,5.9,27.6,0,2352,18.5,0.24,0,2007,34_86
0.092,4.7,31.5,0,3650.0,117.0,0.36,0,2013,8_90
52.87,7.4,142.1,4,247,24.6,0.36,1,1992,36_70
1.48,6.2,41.8,0,3650.0,32.4,0.36,0,2011,28_87
0.161,5.7,26.1,0,3650.0,20.1,0.36,0,2019,34_97
0.303,5.5,33.0,0,1162,30.7,0.36,0,1983,6_92
0.231,5.5,37.1,0,3650.0,5.0,0.36,0,2004,22_95
0.115,5.5,38.5,0,3650.0,8.8,0.36,0,1987,21_95
31.667,6.5,170.9,1,458,26.7,0.36,0,1982,35_70
23.888,6.5,169.0,6,452,45.5,0.36,1,1976,36_71
0.36,6.2,33.7,0,698,30.4,0.36,0,1995,29_87
2.563,6.0,71.1,0,943,89.7,0.36,0,2007,6_95
0.456,5.8,47.3,0,3650.0,81.2,0.36,0,2000,6_93
2.381,6.1,62.1,0,943,9.5,0.36,0,2015,34_70
2.149,6.1,75.2,0,1277,7.4,0.36,0,1994,34_70
0.0,0.0,35.0,0,3650.0,20.3,0.36,0,1970,26_92
8.554,6.3,82.7,1,1228,6.6,0.36,0,1995,36_72
0.703,5.25,51.3,0,3650.0,53.1,0.24,0,1997,36_74
1.645,6.8,62.9,0,2320,26.4,0.24,0,2022,20_93
14.813,6.9,96.7,1,3423,5.7,0.36,0,2022,35_69
81.1,7.5,148.5,9,113,4.9,0.36,1,2018,36_70
0.252,5.5,38.5,0,3650.0,55.9,0.24,0,2013,27_89
0.192,5.9,29.2,0,3520,10.4,0.36,0,2001,37_95
56.195,7.4,141.8,6,97,11.3,0.36,1,1999,36_70
80.856,7.5,151.4,14,217,21.2,0.36,1,2021,36_70
0.781,6.4,17.0,1,515,11.1,0.36,0,2004,37_95
0.0,0.0,35.0,0,3650.0,302.3,0.36,0,1983,7_88
0.564,5.0,30.8,0,3650.0,48.7,0.36,0,1978,36_79
0.0,0.0,35.0,0,3650.0,773.7,0.1,0,1972,20_82
0.036,4.7,21.5,0,3650.0,488.2,0.1,0,2026,22_85
0.153,5.4,36.1,0,3650.0,38.7,0.24,0,2009,33_84
0.0,0.0,35.0,0,3650.0,545.9,0.24,0,1979,18_69
4.764,6.8,35.3,0,1227,12.4,0.24,0,1978,32_79
2.633,6.1,40.0,0,2039,152.6,0.36,0,1981,11_93
1.62,5.8,30.5,0,2278,46.3,0.36,0,2015,30_85
0.0,0.0,35.0,0,3650.0,1005.0,0.16,0,1976,14_73
0.0,0.0,35.0,0,3650.0,1772.1,0.16,0,1975,7_69
2.242,5.4,41.8,0,3650.0,128.6,0.24,0,1977,32_76
0.551,5.5,11.1,0,3650.0,84.6,0.24,0,2022,22_71
0.701,5.2,28.5,0,3650.0,20.7,0.36,0,1975,26_87
0.033,5.7,21.8,0,2935,524.2,0.36,0,2000,9_86
0.025,5.0,33.0,0,3650.0,542.6,0.1,0,2009,16_87
2.7,5.3,66.2,1,3650.0,128.3,0.36,0,1999,11_93
0.03,5.2,33.0,0,3650.0,633.8,0.1,0,2003,7_85
0.153,4.9,71.0,0,3650.0,3.5,0.24,0,1976,29_88
0.096,4.7,33.0,0,3650.0,6.5,0.24,0,1980,37_84
0.398,6.0,30.1,0,3650.0,111.1,0.36,0,2002,15_94
1.549,5.9,28.9,0,3650.0,7.0,0.36,0,2007,28_69
0.0,0.0,35.0,0,3650.0,74.2,0.36,0,1981,25_70
0.142,5.4,21.5,0,3650.0,11.5,0.36,0,1984,26_94
0.0,0.0,35.0,0,3650.0,582.4,0.1,0,2018,24_77
0.0,0.0,35.0,0,3650.0,582.0,0.1,0,1983,19_85
0.352,5.1,92.0,0,3650.0,107.7,0.36,0,1981,6_95
0.0,0.0,35.0,0,3650.0,1507.6,0.16,0,2000,10_68
0.0,0.0,35.0,0,3650.0,815.6,0.1,0,1993,9_83
0.163,4.7,37.2,0,3650.0,14.7,0.24,0,2000,35_89
0.0,0.0,35.0,0,3650.0,54.8,0.24,0,1973,33_79
0.0,0.0,35.0,0,3650.0,1644.2,0.16,0,2006,8_74
2.526,5.93,32.2,0,3650.0,99.1,0.36,0,2006,12_96
0.0,0.0,35.0,0,3650.0,689.9,0.16,0,1999,14_85
0.0,0.0,35.0,0,3650.0,533.7,0.24,0,2018,18_69
1.039,6.1,31.4,0,292,117.8,0.36,0,1974,11_92
1.589,6.4,35.3,0,1952,19.0,0.36,0,1990,27_96
0.0,0.0,35.0,0,3650.0,244.0,0.36,0,2004,17_91
1.058,5.0,35.7,1,3650.0,12.5,0.24,0,1975,32_79
0.0,0.0,35.0,0,3650.0,316.8,0.24,0,1972,20_69
11.356,7.2,31.3,0,116,74.4,0.36,0,2016,6_93
0.724,5.3,31.8,0,3650.0,23.3,0.24,0,2015,34_83
0.042,4.9,22.6,0,3650.0,35.8,0.24,0,1993,36_85
0.0,0.0,35.0,0,3650.0,1113.3,0.1,0,2005,13_81
0.0,0.0,35.0,0,3650.0,1411.3,0.16,0,1990,10_68
0.0,0.0,35.0,0,3650.0,519.2,0.36,0,1988,9_86
0.0,0.0,35.0,0,3650.0,602.2,0.24,0,1987,18_71
0.0,0.0,35.0,0,3650.0,923.1,0.1,0,1993,18_77
0.0,0.0,35.0,0,3650.0,449.9,0.1,0,1983,23_84
0.0,0.0,35.0,0,3650.0,367.6,0.1,0,1974,28_73
0.0,0.0,35.0,0,3650.0,998.1,0.1,0,1994,8_82
1.795,5.7,27.2,1,1218,19.0,0.24,0,2013,32_91
0.0,0.0,35.0,0,3650.0,216.0,0.16,0,1990,28_72
0.0,0.0,35.0,0,3650.0,1912.9,0.16,0,1983,6_74
0.037,4.8,10.0,0,3650.0,460.9,0.36,0,1997,15_88
0.251,4.9,30.8,0,3650.0,32.4,0.36,0,1997,29_97
0.951,7.8,19.6,0,3650.0,13.0,0.24,0,2019,35_90
0.104,4.8,27.2,0,3650.0,606.0,0.1,0,2008,21_84
0.444,5.6,29.2,0,3650.0,31.4,0.36,0,2021,29_83
0.0,0.0,35.0,0,3650.0,556.2,0.36,0,1984,8_86
0.302,5.2,33.0,0,3650.0,80.8,0.36,0,1980,25_68
0.369,5.2,33.0,0,3650.0,10.6,0.36,0,1978,31_87
0.048,5.0,33.0,0,3650.0,22.4,0.36,0,1991,34_94
0.0,0.0,35.0,0,3650.0,1307.4,0.16,0,2016,12_73
0.0,0.0,35.0,0,3650.0,1740.7,0.16,0,2011,7_73
0.0,0.0,35.0,0,3650.0,455.0,0.24,0,2011,19_69
0.0,0.0,35.0,0,3650.0,621.9,0.1,0,1982,20_76
0.0,0.0,35.0,0,3650.0,1509.4,0.1,0,2000,9_77
0.0,0.0,35.0,0,3650.0,201.9,0.36,0,2010,17_91
0.0,0.0,35.0,0,3650.0,62.5,0.36,0,1989,16_93
0.0,0.0,35.0,0,3650.0,1071.0,0.1,0,2003,13_81
0.019,4.6,33.0,0,3650.0,1200.0,0.16,0,2023,15_81
0.0,0.0,35.0,0,3650.0,564.0,0.1,0,1986,15_87
0.0,0.0,35.0,0,3650.0,868.8,0.24,0,1984,15_71
0.0,0.0,35.0,0,3650.0,1205.9,0.16,0,2023,12_73
0.0,0.0,35.0,0,3650.0,126.9,0.24,0,1987,22_89
0.0,0.0,35.0,0,3650.0,964.0,0.1,0,2017,14_82
0.0,0.0,35.0,0,3650.0,1365.7,0.16,0,1979,11_75
0.655,5.2,34.9,0,3650.0,22.5,0.24,0,1982,32_83
0.0,0.0,35.0,0,3650.0,1136.3,0.1,0,2015,9_81
0.0,0.0,35.0,0,3650.0,115.4,0.16,0,1984,30_75
0.0,0.0,35.0,0,3650.0,351.1,0.16,0,1974,24_83
0.0,0.0,35.0,0,3650.0,1078.7,0.1,0,2011,18_81
0.0,0.0,35.0,0,3650.0,371.9,0.16,0,1979,23_84
0.023,5.1,17.9,0,3650.0,297.9,0.36,0,2013,6_89
1.071,5.5,40.2,0,902,63.0,0.36,0,1988,32_76
0.061,5.1,14.9,0,3650.0,352.5,0.1,0,2019,20_70
0.0,0.0,35.0,0,3650.0,446.1,0.24,0,1987,19_72
0.0,0.0,35.0,0,3650.0,670.0,0.24,0,2000,17_70
19.433,7.4,115.7,1,2645,49.4,0.36,0,2020,35_70
0.683,5.13,32.1,0,3650.0,10.1,0.36,0,2002,32_73
5.213,6.8,43.7,0,536,172.8,0.36,0,2007,12_93
0.0,0.0,35.0,0,3650.0,346.6,0.24,0,1977,20_68
0.0,0.0,35.0,0,3650.0,1163.4,0.16,0,1988,13_71
0.0,0.0,35.0,0,3650.0,405.3,0.1,0,2005,25_75
0.0,0.0,35.0,0,3650.0,1802.9,0.16,0,1997,7_71
0.0,0.0,35.0,0,3650.0,569.5,0.36,0,2015,6_86
1.473,5.6,36.5,0,1995,51.6,0.36,0,1990,27_92
0.0,0.0,35.0,0,3650.0,1289.0,0.16,0,1987,14_79
1.033,6.1,30.8,0,3650.0,1.3,0.36,0,1999,31_86
0.082,4.7,25.3,0,3650.0,558.7,0.1,0,2006,21_85
0.019,4.7,33.0,0,3650.0,77.9,0.16,0,2023,27_81
3.339,6.5,33.9,1,3650.0,59.3,0.36,0,2013,29_81
0.426,5.2,34.8,0,3650.0,26.8,0.24,0,1984,32_83
0.308,5.2,60.3,0,3650.0,62.3,0.36,0,1986,20_95
0.25,4.9,31.1,0,3650.0,77.2,0.1,0,2010,30_71
0.0,0.0,35.0,0,3650.0,1667.2,0.16,0,1972,8_71
0.0,0.0,35.0,0,3650.0,441.6,0.1,0,2015,26_75
0.313,5.2,32.9,0,3650.0,16.4,0.24,0,2014,32_79
4.273,7.1,32.7,1,288,12.4,0.36,0,1998,30_68
0.0,0.0,35.0,0,3650.0,1100.6,0.1,0,1981,17_79
0.0,0.0,35.0,0,3650.0,881.2,0.1,0,1976,6_83
0.275,5.4,10.0,0,3650.0,27.3,0.36,0,1973,26_94
0.0,0.0,35.0,0,3650.0,397.0,0.1,0,1979,27_74
1.785,7.0,58.3,0,1161,18.7,0.36,0,2016,23_95
1.459,6.4,24.1,0,2452,36.8,0.36,0,2022,37_78
0.0,0.0,35.0,0,3650.0,977.0,0.1,0,2008,16_76
0.0,0.0,35.0,0,3650.0,498.5,0.16,0,1978,23_81
0.0,0.0,35.0,0,3650.0,1854.2,0.16,0,1972,6_68
0.0,0.0,35.0,0,3650.0,624.2,0.1,0,2018,19_75
0.0,0.0,35.0,0,3650.0,1183.8,0.1,0,1997,15_78
0.084,5.0,215.8,0,3650.0,143.6,0.36,0,2006,7_96
0.0,0.0,35.0,0,3650.0,1011.4,0.1,0,1998,15_76
0.0,0.0,35.0,0,3650.0,1659.5,0.16,0,1989,8_69
0.061,5.8,34.5,0,1921,521.4,0.16,0,2002,23_80
0.0,0.0,35.0,0,3650.0,508.6,0.1,0,1980,24_76
0.0,0.0,35.0,0,3650.0,621.8,0.1,0,1987,21_83
3.891,7.2,19.8,1,352,14.6,0.24,0,2009,34_81
0.019,4.1,10.0,0,3650.0,433.3,0.16,0,2024,21_74
0.106,5.1,13.8,0,3650.0,207.7,0.1,0,2026,29_75
0.311,5.4,28.5,0,3650.0,29.8,0.36,0,1999,19_97
0.431,5.5,27.2,0,3650.0,115.8,0.36,0,2025,15_91
0.101,5.8,15.7,0,3650.0,143.4,0.24,0,2019,22_89
0.602,5.8,22.3,0,551,15.8,0.24,0,2005,34_89
0.0,0.0,35.0,0,3650.0,39.0,0.36,0,1973,30_93
0.455,6.6,29.7,0,3650.0,147.4,0.36,0,1985,6_90
0.018,4.3,10.0,0,3650.0,245.4,0.36,0,2026,15_90
0.037,5.2,0.0,0,3650.0,230.3,0.1,0,2024,26_72
2.069,6.8,41.8,0,200,37.4,0.36,0,2022,22_95
1.502,5.9,71.7,0,403,100.7,0.36,0,1992,6_95
0.0,0.0,35.0,0,3650.0,578.4,0.1,0,1971,23_77
0.0,0.0,35.0,0,3650.0,384.6,0.16,0,1985,24_83
0.0,0.0,35.0,0,3650.0,235.9,0.36,0,1982,7_89
1.678,5.3,43.6,0,3650.0,9.2,0.36,0,2000,34_71
0.0,0.0,35.0,0,3650.0,474.0,0.36,0,1972,14_87
0.0,0.0,35.0,0,3650.0,124.7,0.1,0,1993,27_70
0.0,0.0,35.0,0,3650.0,1125.2,0.1,0,2015,11_81
0.352,5.2,33.0,0,3650.0,14.7,0.36,0,1978,33_96
0.019,4.2,10.0,0,3650.0,771.3,0.1,0,2023,18_84
3.511,5.9,48.9,0,636,121.4,0.36,0,2002,10_92
3.063,5.9,23.3,0,3583,12.9,0.1,0,2025,30_70
0.0,0.0,35.0,0,3650.0,863.0,0.1,0,1977,20_78
0.0,0.0,35.0,0,3650.0,29.8,0.24,0,1976,27_82
0.068,4.6,30.5,0,3650.0,113.9,0.1,0,2013,30_72
0.0,0.0,35.0,0,3650.0,886.9,0.1,0,1975,19_78
0.097,5.5,25.0,0,3650.0,526.9,0.1,0,2011,18_86
0.169,5.39,23.6,0,3650.0,109.6,0.24,0,2023,25_88
0.0,0.0,35.0,0,3650.0,19.6,0.36,0,2021,35_97
1.969,6.4,27.4,0,2525,22.1,0.36,0,2022,37_78
0.3,5.5,34.1,0,2437,32.9,0.36,0,1986,6_92
1.217,6.9,30.6,0,3650.0,41.7,0.24,0,2019,34_78
0.0,0.0,35.0,0,3650.0,52.1,0.24,0,1971,32_81
0.825,6.1,35.5,0,3650.0,18.7,0.36,0,2017,18_95
0.0,0.0,35.0,0,3650.0,1402.8,0.16,0,2019,11_73
0.0,0.0,35.0,0,3650.0,438.1,0.1,0,1999,24_79
0.0,0.0,35.0,0,3650.0,1205.4,0.16,0,1990,13_75
0.0,0.0,35.0,0,3650.0,213.5,0.16,0,1998,21_70
0.067,5.0,33.0,0,3650.0,24.3,0.36,0,1999,35_94
0.0,0.0,35.0,0,3650.0,1507.7,0.16,0,1996,9_69
0.0,0.0,35.0,0,3650.0,7.8,0.36,0,1971,37_74
0.291,5.2,31.4,0,3650.0,25.1,0.36,0,2021,18_93
0.0,0.0,35.0,0,3650.0,5.0,0.36,0,1973,16_93
0.927,5.7,46.7,0,641,14.3,0.24,0,1991,21_93
1.071,5.5,38.9,0,3650.0,13.5,0.36,0,2021,27_96
0.0,0.0,35.0,0,3650.0,867.0,0.1,0,2017,19_78
0.0,0.0,35.0,0,3650.0,22.3,0.36,0,1972,13_91
0.0,0.0,35.0,0,3650.0,7.9,0.24,0,1999,20_91
0.32,5.2,33.2,0,3650.0,44.7,0.36,0,2013,28_91
1.223,5.5,38.7,0,3650.0,44.3,0.36,0,2001,25_93
2.583,6.4,42.4,1,737,25.9,0.36,0,1978,27_96
0.0,0.0,35.0,0,3650.0,753.6,0.1,0,2001,19_77
0.0,0.0,35.0,0,3650.0,236.0,0.1,0,1978,25_82
0.0,0.0,35.0,0,3650.0,44.2,0.36,0,1974,30_87
0.0,0.0,35.0,0,3650.0,1321.6,0.16,0,1988,12_79
0.067,4.9,33.0,0,3650.0,13.3,0.24,0,1985,19_92
1.624,6.3,23.2,0,2746,25.9,0.24,0,2016,29_89
3.476,5.2,33.4,0,3650.0,26.2,0.36,0,1985,30_94
0.0,0.0,35.0,0,3650.0,1794.5,0.16,0,1971,6_75
0.0,0.0,35.0,0,3650.0,496.1,0.1,0,1985,23_80
0.041,5.36,15.1,0,3650.0,325.6,0.16,0,2019,21_73
0.0,0.0,35.0,0,3650.0,1082.3,0.1,0,1974,7_81
0.391,5.2,60.1,0,3650.0,10.7,0.24,0,1995,19_94
0.1,4.6,21.5,0,3650.0,308.9,0.16,0,2010,23_87
0.0,0.0,35.0,0,3650.0,54.2,0.36,0,1999,14_92
0.781,6.8,62.5,0,3650.0,144.9,0.36,0,2004,13_94
0.462,5.8,25.8,1,3650.0,115.6,0.36,0,2022,29_94
0.037,5.9,19.5,0,3650.0,17.1,0.36,0,2024,17_97
0.0,0.0,35.0,0,3650.0,925.9,0.1,0,1995,18_78
1.843,5.8,43.8,0,2423,15.8,0.36,0,1982,36_78
0.0,0.0,35.0,0,3650.0,237.3,0.24,0,2010,17_90
1.982,6.1,47.8,0,3650.0,21.2,0.36,0,2021,22_93
0.0,0.0,35.0,0,3650.0,1385.1,0.16,0,2009,11_68
0.0,0.0,35.0,0,3650.0,745.8,0.1,0,1980,6_85
0.647,5.2,33.6,0,3650.0,8.3,0.36,0,2004,27_83
1.973,6.0,32.3,0,3650.0,10.6,0.24,0,2015,34_79
22.763,6.3,122.0,3,58,5.2,0.36,1,2025,36_72
0.062,4.5,33.0,0,3650.0,514.6,0.16,0,1986,20_74
0.0,0.0,35.0,0,3650.0,1181.4,0.1,0,1978,13_75
4.863,6.3,38.4,0,2092,14.5,0.24,0,1998,36_73
1.178,5.88,27.4,0,3650.0,54.3,0.36,0,1998,14_96
0.0,0.0,35.0,0,3650.0,583.8,0.1,0,1973,22_81
0.0,0.0,35.0,0,3650.0,104.0,0.36,0,1970,17_92
0.759,6.5,32.6,0,3650.0,16.6,0.24,0,2022,32_88
0.0,0.0,35.0,0,3650.0,681.8,0.1,0,1995,13_85
0.906,5.2,32.1,0,3650.0,20.8,0.36,0,1988,29_96
1.121,5.48,64.4,0,3650.0,16.6,0.36,0,1989,34_71
0.0,0.0,35.0,0,3650.0,689.1,0.1,0,2011,16_86
0.0,0.0,35.0,0,3650.0,1345.1,0.1,0,2000,12_75
0.0,0.0,35.0,0,3650.0,1793.0,0.16,0,1972,7_70
0.0,0.0,35.0,0,3650.0,1281.3,0.1,0,2025,13_78
0.0,0.0,35.0,0,3650.0,1281.0,0.16,0,2003,12_79
0.0,0.0,35.0,0,3650.0,6.8,0.36,0,1973,29_86
0.461,5.1,28.8,0,3650.0,35.1,0.36,0,1993,33_96
0.0,0.0,35.0,0,3650.0,408.2,0.1,0,1979,19_87
0.0,0.0,35.0,0,3650.0,1215.7,0.1,0,1987,7_80
4.023,6.3,35.8,0,1141,66.5,0.24,0,2008,35_73
1.53,6.4,20.0,0,3650.0,23.8,0.24,0,2021,32_85
0.228,5.0,30.9,0,3650.0,25.8,0.36,0,2005,29_92
0.0,0.0,35.0,0,3650.0,1204.8,0.16,0,1977,12_68
0.222,4.6,26.0,0,3650.0,29.4,0.36,0,1974,32_71
0.0,0.0,35.0,0,3650.0,311.9,0.1,0,2003,24_81
1.101,6.2,32.7,0,3650.0,18.5,0.36,0,1991,34_72
0.0,0.0,35.0,0,3650.0,1197.5,0.1,0,1974,15_79
0.0,0.0,35.0,0,3650.0,203.7,0.36,0,1990,15_91
0.165,4.9,59.5,0,3650.0,32.7,0.24,0,1982,28_89
0.941,6.1,53.1,0,3650.0,18.7,0.36,0,1991,36_76
0.848,5.9,32.1,0,3475,7.6,0.36,0,1994,30_69
0.0,0.0,35.0,0,3650.0,329.9,0.24,0,1987,21_68
1.837,6.18,35.4,0,846,48.3,0.36,0,2010,24_97
0.022,4.4,15.8,0,3650.0,753.6,0.16,0,2015,16_85
0.64,6.0,28.7,0,3650.0,56.7,0.24,0,2015,33_83
0.0,0.0,35.0,0,3650.0,1317.5,0.1,0,2013,9_79
0.0,0.0,35.0,0,3650.0,41.5,0.36,0,1997,15_97
0.126,5.8,33.0,0,3650.0,21.9,0.36,0,2001,32_97
0.0,0.0,35.0,0,3650.0,180.6,0.36,0,1980,17_91
0.861,5.39,20.0,0,3650.0,16.9,0.36,0,1971,25_89
0.384,5.2,41.5,0,3650.0,0.7,0.36,0,1993,27_82
0.058,5.8,19.4,0,3650.0,28.2,0.24,0,2004,22_90
0.0,0.0,35.0,0,3650.0,904.3,0.1,0,1973,19_80
0.0,0.0,35.0,0,3650.0,37.8,0.36,0,1972,22_93
0.0,0.0,35.0,0,3650.0,386.9,0.1,0,2023,24_80
0.0,0.0,35.0,0,3650.0,1760.8,0.16,0,1997,7_68
3.343,6.5,95.5,0,2593,36.0,0.36,0,2020,21_94
0.0,0.0,35.0,0,3650.0,1162.0,0.16,0,2001,13_70
0.0,0.0,35.0,0,3650.0,817.5,0.24,0,2023,16_70
0.281,4.8,33.0,0,3650.0,38.6,0.24,0,1984,31_89
0.0,0.0,35.0,0,3650.0,734.1,0.1,0,2017,21_79
0.174,5.2,36.5,0,3650.0,89.3,0.36,0,1998,27_90
0.787,5.26,35.1,0,3650.0,21.4,0.36,0,1979,32_69
0.0,0.0,35.0,0,3650.0,1359.5,0.1,0,2017,10_79
0.0,0.0,35.0,0,3650.0,1648.4,0.16,0,1995,8_70
0.177,5.39,25.1,0,3650.0,32.2,0.36,0,1987,25_89
0.748,5.39,20.0,0,3650.0,85.7,0.24,0,1971,26_88
0.39,4.8,16.1,0,3650.0,13.7,0.24,0,2021,33_84
0.404,4.7,33.0,0,3650.0,111.8,0.36,0,1975,12_92
0.043,5.9,19.5,0,3650.0,55.6,0.36,0,2016,16_97
0.0,0.0,35.0,0,3650.0,1187.9,0.1,0,1983,8_80
0.0,0.0,35.0,0,3650.0,709.6,0.1,0,1981,6_85
0.0,0.0,35.0,0,3650.0,384.2,0.1,0,1977,20_71
0.0,0.0,35.0,0,3650.0,537.6,0.1,0,1978,22_81
0.389,4.8,35.0,0,3650.0,8.4,0.36,0,1980,25_91
0.068,5.9,33.0,0,3650.0,790.7,0.1,0,1984,6_84
0.0,0.0,35.0,0,3650.0,452.5,0.36,0,1997,7_87
0.0,0.0,35.0,0,3650.0,679.3,0.16,0,1978,22_77
0.0,0.0,35.0,0,3650.0,642.3,0.1,0,2019,19_75
0.202,4.4,46.3,0,3650.0,16.3,0.36,0,1984,14_93
0.279,5.39,35.4,0,3650.0,67.7,0.24,0,1991,26_87
0.032,4.1,33.0,0,3650.0,582.9,0.24,0,2001,18_70
0.339,5.1,28.1,0,3650.0,80.1,0.36,0,1990,14_97
0.772,6.0,45.9,0,3484,8.2,0.36,0,2006,18_95
0.964,5.4,29.4,0,3650.0,22.5,0.36,0,1997,28_95
0.0,0.0,35.0,0,3650.0,1599.8,0.16,0,2013,9_71
0.0,0.0,35.0,0,3650.0,686.3,0.24,0,1997,17_71
0.317,5.4,20.2,0,3650.0,78.0,0.36,0,2011,37_94
0.099,4.2,11.7,0,3650.0,19.6,0.24,0,2020,37_93
0.0,0.0,35.0,0,3650.0,588.0,0.1,0,2000,23_79
0.0,0.0,35.0,0,3650.0,624.8,0.1,0,2008,23_78
0.0,0.0,35.0,0,3650.0,1501.9,0.16,0,2018,11_76
0.038,5.2,10.0,0,3650.0,1447.0,0.1,0,1996,7_78
5.891,6.6,48.0,0,1317,7.9,0.36,0,1988,36_68
0.181,5.2,31.9,0,3650.0,63.6,0.36,0,2008,24_68
0.0,0.0,35.0,0,3650.0,116.8,0.36,0,1971,16_92
0.0,0.0,35.0,0,3650.0,9.8,0.36,0,1970,18_94
0.873,5.5,33.0,0,788,7.9,0.24,0,1975,32_86
0.603,5.5,25.3,0,3650.0,18.6,0.36,0,1985,30_84
0.0,0.0,35.0,0,3650.0,813.4,0.1,0,1987,20_82
0.0,0.0,35.0,0,3650.0,652.1,0.1,0,1976,6_85
0.0,0.0,35.0,0,3650.0,140.4,0.36,0,1977,14_90
0.12,4.7,33.0,0,3650.0,24.1,0.36,0,1995,27_69
0.0,0.0,35.0,0,3650.0,567.6,0.16,0,1977,22_76
0.037,4.6,33.0,0,3650.0,1204.8,0.16,0,1997,15_80
0.0,0.0,35.0,0,3650.0,1212.3,0.16,0,1983,16_80
0.132,4.7,33.0,0,3650.0,47.8,0.24,0,1992,27_81
0.0,0.0,35.0,0,3650.0,735.7,0.24,0,2026,16_70
0.0,0.0,35.0,0,3650.0,468.7,0.1,0,2000,25_76
0.071,4.1,28.9,0,3650.0,152.6,0.16,0,1998,29_76
0.0,0.0,35.0,0,3650.0,1796.5,0.16,0,2020,7_75
0.0,0.0,35.0,0,3650.0,249.9,0.16,0,1984,27_72
0.238,5.3,28.1,0,3650.0,93.1,0.24,0,2016,34_93
0.215,5.0,41.4,0,3650.0,22.4,0.36,0,2007,16_96
0.0,0.0,35.0,0,3650.0,1764.8,0.16,0,2014,7_71
0.446,5.5,34.3,0,3650.0,8.2,0.24,0,2010,31_75
0.0,0.0,35.0,0,3650.0,659.8,0.1,0,2003,19_75
0.0,0.0,35.0,0,3650.0,227.6,0.16,0,2007,27_79
0.045,4.7,33.0,0,3650.0,123.9,0.24,0,1992,28_78
0.037,4.9,21.5,0,3650.0,107.5,0.16,0,2024,27_81
0.085,5.5,25.0,0,3650.0,567.5,0.1,0,2017,18_86
0.0,0.0,35.0,0,3650.0,607.5,0.1,0,1993,22_80
0.088,5.1,11.1,0,3650.0,226.2,0.16,0,2015,21_70
0.0,0.0,35.0,0,3650.0,4.1,0.36,0,1970,27_82
0.0,0.0,35.0,0,3650.0,1577.0,0.1,0,1980,6_77
0.0,0.0,35.0,0,3650.0,820.5,0.1,0,1979,13_84
0.604,6.2,28.8,0,3650.0,69.7,0.24,0,2014,34_92
0.0,0.0,35.0,0,3650.0,1036.0,0.16,0,1992,14_71
3.65,5.7,32.4,0,3650.0,57.2,0.36,0,2002,29_94
1.984,6.1,60.1,0,3650.0,13.6,0.36,0,2011,36_77
0.134,5.0,35.0,0,3650.0,44.6,0.36,0,1977,29_92
0.053,4.7,25.3,0,3650.0,547.1,0.1,0,2026,21_85
0.093,4.6,41.4,0,3650.0,61.9,0.24,0,2002,28_80
0.636,5.0,77.2,0,3650.0,27.9,0.36,0,1976,36_76
30.65,6.5,171.3,6,633,29.6,0.36,1,1983,35_70
0.812,7.0,35.7,0,3650.0,12.6,0.36,0,2012,23_95
0.284,5.6,28.4,0,1056,30.2,0.36,0,2005,34_94
0.0,0.0,35.0,0,3650.0,592.1,0.1,0,1978,7_86
0.075,5.3,23.0,0,3650.0,190.5,0.24,0,1983,21_88
0.039,4.6,25.6,0,3650.0,95.9,0.1,0,1995,30_72
0.124,4.8,33.0,1,3650.0,30.6,0.24,0,1994,33_90
0.042,4.6,21.5,0,3650.0,1162.6,0.1,0,2017,16_79
0.0,0.0,35.0,0,3650.0,356.0,0.36,0,1988,12_88
0.376,5.8,36.8,0,259,28.0,0.24,0,1986,35_87
0.235,5.2,36.9,0,3650.0,47.5,0.36,0,1999,27_90
0.0,0.0,35.0,0,3650.0,7.2,0.36,0,1972,31_68
0.0,0.0,35.0,0,3650.0,1076.0,0.1,0,1999,9_81
0.118,4.7,67.0,0,3650.0,119.4,0.36,0,1978,31_73
0.0,0.0,35.0,0,3650.0,1716.3,0.16,0,2008,8_75
0.752,5.2,51.0,0,3650.0,30.9,0.36,0,1998,28_82
0.0,0.0,35.0,0,3650.0,38.7,0.24,0,1984,33_91
0.289,5.2,32.3,0,3650.0,136.3,0.36,0,2011,31_95
0.694,6.1,36.4,1,3258,28.6,0.24,0,1998,27_88
0.0,0.0,35.0,0,3650.0,741.1,0.1,0,2015,16_85
6.811,7.2,31.8,0,2572,86.4,0.36,0,2014,7_92
1.077,5.8,23.4,0,2944,21.8,0.24,0,2016,35_89
0.0,0.0,35.0,0,3650.0,800.8,0.1,0,2018,20_80
0.316,5.8,31.3,0,3650.0,156.1,0.36,0,2001,31_94
0.0,0.0,35.0,0,3650.0,4.4,0.36,0,1970,17_94
0.145,5.31,34.6,0,3650.0,88.8,0.1,0,2011,29_71
0.0,0.0,35.0,0,3650.0,174.9,0.36,0,1975,7_90
0.0,0.0,35.0,0,3650.0,862.0,0.1,0,1971,17_76
0.0,0.0,35.0,0,3650.0,239.9,0.24,0,1986,19_89
0.0,0.0,35.0,0,3650.0,1369.3,0.16,0,2021,11_75
0.332,6.0,31.8,0,2532,18.7,0.24,0,1985,32_81
0.112,4.9,29.2,0,3650.0,63.3,0.36,0,2023,30_93
0.0,0.0,35.0,0,3650.0,1048.0,0.16,0,1992,18_79
9.978,7.6,16.1,1,3135,17.5,0.36,0,2017,34_73
0.266,5.7,36.2,0,3650.0,16.4,0.24,0,1988,21_92
0.0,0.0,35.0,0,3650.0,38.3,0.24,0,1972,37_92
1.344,6.1,30.5,0,1968,21.9,0.36,0,1999,32_93
0.051,4.9,33.0,0,3650.0,660.8,0.1,0,1989,22_79
0.235,5.0,33.0,0,3650.0,6.7,0.36,0,1982,24_90
0.085,4.8,25.3,0,3650.0,570.5,0.1,0,2005,21_84
0.0,0.0,35.0,0,3650.0,863.6,0.16,0,2022,16_84
0.106,5.1,13.8,0,3650.0,301.0,0.16,0,2017,20_70
0.044,4.7,10.0,0,3650.0,293.4,0.16,0,2016,27_77
0.077,4.8,33.0,0,3650.0,11.3,0.36,0,1983,24_70
0.0,0.0,35.0,0,3650.0,655.4,0.24,0,2020,17_70
2.665,7.5,30.6,1,2843,24.5,0.36,0,2017,14_92
0.0,0.0,35.0,0,3650.0,15.3,0.24,0,1980,35_83
0.067,5.5,28.5,0,3650.0,655.6,0.1,0,1999,18_85
0.0,0.0,35.0,0,3650.0,183.6,0.24,0,1974,25_87
0.0,0.0,35.0,0,3650.0,495.8,0.36,0,2022,12_87
0.063,4.3,68.4,0,3650.0,10.0,0.36,0,2001,23_97
0.0,0.0,35.0,0,3650.0,239.7,0.1,0,2026,29_73
0.0,0.0,35.0,0,3650.0,21.9,0.24,0,1974,20_91
1.389,6.0,34.7,0,3650.0,18.7,0.24,0,1996,34_79
0.0,0.0,35.0,0,3650.0,481.7,0.36,0,2022,7_87
0.019,4.6,30.0,0,3650.0,152.6,0.36,0,2022,12_90
0.058,4.7,17.7,0,3650.0,398.1,0.16,0,2022,23_83
0.085,4.6,51.7,0,3650.0,157.2,0.1,0,1981,30_73
0.0,0.0,35.0,0,3650.0,303.0,0.36,0,1975,10_88
0.776,5.7,33.2,0,3650.0,15.7,0.36,0,2010,32_69
0.0,0.0,35.0,0,3650.0,1663.9,0.1,0,2006,9_76
3.518,5.4,45.2,2,3650.0,20.6,0.36,0,1990,37_68
0.391,5.3,31.6,0,3650.0,36.6,0.36,0,2016,24_90
0.225,5.7,38.3,0,2234,3.7,0.24,0,1983,21_92
1.8,5.33,28.2,0,3650.0,6.2,0.24,0,1974,34_73
0.988,5.5,30.8,0,971,30.4,0.36,0,1988,25_97
0.0,0.0,35.0,0,3650.0,375.8,0.1,0,2008,24_81
0.0,0.0,35.0,0,3650.0,42.6,0.36,0,1994,16_97
0.229,5.4,32.6,0,3650.0,31.6,0.36,0,2018,27_94
0.761,5.17,30.5,0,3650.0,22.0,0.36,0,1980,28_96
0.02,4.5,10.0,0,3650.0,1553.9,0.16,0,2020,9_69
0.132,5.2,33.0,0,3650.0,5.0,0.36,0,1985,35_94
0.0,0.0,35.0,0,3650.0,3.3,0.24,0,1974,37_89
0.0,0.0,35.0,0,3650.0,1353.6,0.16,0,1979,11_68
0.0,0.0,35.0,0,3650.0,1148.6,0.16,0,1978,13_73
0.0,0.0,35.0,0,3650.0,189.8,0.36,0,2009,13_90
0.0,0.0,35.0,0,3650.0,894.5,0.1,0,2026,18_82
0.181,5.2,48.5,0,3650.0,25.4,0.36,0,1981,17_96
0.0,0.0,35.0,0,3650.0,261.4,0.16,0,1997,23_73
0.0,0.0,35.0,0,3650.0,838.3,0.1,0,2010,10_83
0.056,4.6,34.7,0,3650.0,223.3,0.16,0,2006,23_88
0.0,0.0,35.0,0,3650.0,150.0,0.16,0,2000,24_72
0.0,0.0,35.0,0,3650.0,676.8,0.1,0,2010,19_75
0.638,5.7,32.5,0,3584,78.1,0.36,0,2023,30_97
0.0,0.0,35.0,0,3650.0,453.7,0.16,0,1971,23_83
0.16,5.4,44.2,0,3650.0,25.4,0.36,0,2007,27_95
0.144,5.1,33.4,0,3650.0,82.3,0.24,0,2004,36_86
0.217,5.2,36.4,0,3650.0,72.4,0.24,0,2007,27_90
0.0,0.0,35.0,0,3650.0,904.9,0.1,0,2015,16_75
0.0,0.0,35.0,0,3650.0,46.6,0.24,0,1976,36_82
0.04,5.7,33.0,0,3650.0,11.7,0.36,0,2019,35_97
0.386,5.2,45.9,0,3650.0,6.3,0.36,0,1996,32_71
1.048,6.3,20.2,0,1087,25.3,0.24,0,2023,33_86
2.147,6.4,13.9,0,695,26.8,0.36,0,2011,37_96
0.041,4.5,33.0,0,3650.0,48.1,0.36,0,1994,14_91
0.0,0.0,35.0,0,3650.0,659.5,0.16,0,1993,20_76
0.0,0.0,35.0,0,3650.0,907.2,0.1,0,2024,18_78
0.0,0.0,35.0,0,3650.0,1400.4,0.1,0,2024,12_77
0.267,5.48,38.3,0,3650.0,7.8,0.36,0,1988,33_70
0.019,4.5,10.0,0,3650.0,1848.0,0.16,0,2022,6_72
1.589,6.1,35.1,0,3650.0,68.1,0.36,0,2000,10_92
0.449,5.9,37.0,0,600,8.8,0.24,0,2007,32_91
0.0,0.0,35.0,0,3650.0,328.0,0.24,0,1979,17_89
0.029,4.8,10.0,0,3650.0,381.4,0.36,0,2004,15_88
0.824,5.1,42.5,0,3650.0,16.3,0.24,0,2004,35_75
0.161,5.2,31.3,0,3650.0,57.1,0.36,0,1994,30_72
0.0,0.0,35.0,0,3650.0,601.9,0.24,0,1984,18_70
0.0,0.0,35.0,0,3650.0,965.0,0.1,0,1995,18_82
0.0,0.0,35.0,0,3650.0,798.5,0.1,0,2019,12_84
0.0,0.0,35.0,0,3650.0,361.0,0.16,0,1983,27_73
1.862,5.8,61.1,0,3650.0,43.3,0.24,0,2010,21_93
0.778,6.3,32.1,0,3650.0,15.1,0.36,0,2022,32_71
0.0,0.0,35.0,0,3650.0,927.5,0.1,0,1980,18_82
0.0,0.0,35.0,0,3650.0,419.1,0.1,0,2007,24_79
0.799,6.0,28.9,0,3650.0,4.4,0.24,0,2011,33_82
0.061,5.5,22.3,0,3650.0,500.9,0.1,0,2019,18_87
0.0,0.0,35.0,0,3650.0,429.7,0.16,0,1977,19_72
0.342,5.0,41.0,0,3650.0,94.4,0.36,0,1984,14_94
0.0,0.0,35.0,0,3650.0,423.1,0.1,0,2015,21_86
1.701,6.5,60.1,0,2875,28.2,0.24,0,2002,21_93
1.117,5.8,23.7,0,3650.0,16.7,0.24,0,2021,35_88
0.0,0.0,35.0,0,3650.0,683.4,0.24,0,1996,17_71
0.136,6.1,29.5,0,3650.0,11.2,0.36,0,2021,17_97
0.0,0.0,35.0,0,3650.0,1054.0,0.1,0,1980,8_81
0.926,6.3,28.1,0,3650.0,4.3,0.36,0,2020,33_71
1.224,5.5,27.9,0,2749,59.6,0.36,0,2012,14_92
0.0,0.0,35.0,0,3650.0,1130.2,0.16,0,2013,13_69
0.419,5.3,17.6,0,3650.0,38.7,0.24,0,2017,36_81
0.0,0.0,35.0,0,3650.0,1546.1,0.16,0,2005,9_70
0.0,0.0,35.0,0,3650.0,1394.1,0.1,0,1975,12_76
0.0,0.0,35.0,0,3650.0,40.5,0.36,0,1978,8_97
1.85,6.9,35.7,0,3053,62.4,0.24,0,2005,34_78
0.669,5.88,30.1,0,3650.0,105.7,0.36,0,2010,14_95
1.962,6.3,38.5,0,3650.0,10.0,0.36,0,2016,24_96
0.0,0.0,35.0,0,3650.0,127.5,0.1,0,1972,26_71
0.196,5.4,26.2,0,3650.0,26.6,0.36,0,2026,34_95
0.0,0.0,35.0,0,3650.0,216.2,0.36,0,1995,16_91
0.051,4.3,10.0,0,3650.0,675.2,0.16,0,2009,21_77
0.036,4.5,33.0,0,3650.0,151.9,0.1,0,1997,29_72
0.0,0.0,35.0,0,3650.0,308.1,0.1,0,1985,24_82
1.059,5.4,31.0,0,3650.0,108.1,0.36,0,2021,12_96
0.713,5.5,29.5,0,3650.0,17.6,0.36,0,1995,31_85
0.3,5.0,30.2,0,3650.0,23.6,0.36,0,2010,29_92
1.94,5.9,52.4,0,108,85.1,0.36,0,2003,6_94
0.0,0.0,35.0,0,3650.0,32.8,0.24,0,1973,35_84
0.0,0.0,35.0,0,3650.0,62.1,0.36,0,1975,10_90
0.0,0.0,35.0,0,3650.0,38.2,0.36,0,1971,23_93
0.0,0.0,35.0,0,3650.0,354.1,0.1,0,2023,28_74
1.166,5.7,29.6,0,1054,30.7,0.36,0,1994,28_96
1.236,5.9,27.8,0,3650.0,3.1,0.1,0,2011,29_70
0.0,0.0,35.0,0,3650.0,1156.1,0.1,0,1981,15_77
0.958,6.5,35.5,0,3650.0,30.0,0.24,0,2010,32_88
0.142,5.12,32.0,0,3650.0,27.8,0.36,0,1991,20_97
0.0,0.0,35.0,0,3650.0,229.0,0.24,0,1970,17_91
0.358,5.8,36.8,0,544,64.9,0.24,0,1986,36_87
0.394,4.8,24.8,0,3650.0,62.5,0.36,0,2023,31_93
0.022,5.5,24.0,0,3650.0,575.4,0.1,0,2015,18_86
0.066,5.9,33.0,0,3650.0,728.7,0.1,0,2015,7_84
0.0,0.0,35.0,0,3650.0,1346.9,0.16,0,1977,13_79
1.079,5.31,57.6,0,3650.0,25.2,0.36,0,1971,24_94
0.0,0.0,35.0,0,3650.0,139.7,0.24,0,1988,26_84
0.066,5.2,0.0,0,3650.0,187.8,0.1,0,2000,26_72
0.659,6.4,28.0,0,2009,54.0,0.24,0,1994,34_91
0.0,0.0,35.0,0,3650.0,629.3,0.1,0,1986,17_86
0.0,0.0,35.0,0,3650.0,894.3,0.1,0,1974,16_75
0.0,0.0,35.0,0,3650.0,1406.4,0.16,0,2005,11_74
0.553,7.0,97.1,0,3650.0,54.3,0.36,0,1980,26_94
0.394,5.12,15.0,1,3650.0,11.3,0.36,0,1972,28_87
0.0,0.0,35.0,0,3650.0,81.0,0.36,0,1989,10_90
1.199,6.1,28.2,1,1978,7.1,0.24,0,1998,30_90
1.02,6.2,39.9,0,385,108.9,0.36,0,1991,7_93
0.0,0.0,35.0,0,3650.0,425.0,0.1,0,1983,17_89
0.376,5.7,18.8,0,3650.0,11.6,0.36,0,2015,33_97
2.293,6.0,29.9,0,3650.0,47.7,0.24,0,2008,34_80
3.212,5.3,83.3,0,3650.0,19.2,0.36,0,1985,22_94
0.02,4.5,33.0,0,3650.0,1029.8,0.16,0,2019,16_82
0.466,5.88,31.6,0,3650.0,126.5,0.36,0,1993,13_96
0.028,5.5,24.0,0,3650.0,619.1,0.1,0,2005,18_85
0.479,4.8,25.3,0,3650.0,136.8,0.36,0,2011,16_92
0.0,0.0,35.0,0,3650.0,46.5,0.24,0,1979,37_83
0.517,6.0,53.3,0,1440,13.3,0.36,0,2006,18_94
8.718,6.9,83.6,2,1657,11.4,0.36,0,2020,23_94
4.21,6.28,27.6,0,1294,52.6,0.36,0,2019,11_94
0.0,0.0,35.0,0,3650.0,287.5,0.24,0,1989,18_89
0.0,0.0,35.0,0,3650.0,333.5,0.1,0,1992,21_87
0.0,0.0,35.0,0,3650.0,1525.6,0.16,0,2013,10_75
0.0,0.0,35.0,0,3650.0,1374.9,0.16,0,1991,11_75
0.291,5.2,29.5,0,3650.0,50.9,0.24,0,2011,19_92
0.0,0.0,35.0,0,3650.0,336.2,0.1,0,2011,28_73
1.167,6.3,18.0,0,2475,44.9,0.24,0,2015,30_91
0.323,5.0,27.6,0,3650.0,8.0,0.36,0,2013,29_92
0.0,0.0,35.0,0,3650.0,1046.9,0.1,0,1985,7_82
0.0,0.0,35.0,0,3650.0,1016.2,0.16,0,1982,14_73
0.0,0.0,35.0,0,3650.0,317.2,0.16,0,1996,27_73
0.0,0.0,35.0,0,3650.0,893.5,0.1,0,1988,19_80
0.677,5.9,28.9,0,3650.0,11.7,0.36,0,1989,37_96
0.0,0.0,35.0,0,3650.0,3.6,0.36,0,1970,27_83
0.025,5.4,74.0,0,3650.0,193.0,0.36,0,2009,6_97
0.0,0.0,35.0,0,3650.0,654.6,0.1,0,1971,8_85
0.134,5.3,33.0,0,3650.0,29.1,0.36,0,1985,29_83
0.587,5.5,30.3,0,3650.0,34.6,0.36,0,2007,30_85
1.052,5.2,32.7,0,3650.0,36.8,0.36,0,1984,29_96
0.0,0.0,35.0,0,3650.0,521.5,0.36,0,1991,8_86
0.0,0.0,35.0,0,3650.0,729.2,0.1,0,1984,21_79
0.33,5.9,28.6,0,3205,22.5,0.36,0,2000,37_95
0.434,5.5,27.4,0,2035,734.4,0.16,0,1986,17_74
0.381,5.5,26.7,0,3650.0,5.3,0.24,0,1999,36_82
0.977,6.5,33.0,0,2396,14.5,0.24,0,1984,32_89
2.348,7.5,28.9,0,1307,33.6,0.36,0,2021,8_91
2.392,5.1,31.6,0,3650.0,43.2,0.36,0,2017,30_94
1.449,6.2,46.5,0,806,10.6,0.24,0,1994,34_74
0.073,4.7,38.9,0,3650.0,130.4,0.1,0,1997,29_71
0.0,0.0,35.0,0,3650.0,549.7,0.1,0,1977,24_76
5.264,7.3,91.6,1,1013,34.8,0.36,0,2002,25_94
0.459,5.1,33.6,0,3650.0,53.1,0.36,0,1998,26_89
0.0,0.0,35.0,0,3650.0,488.5,0.36,0,1974,14_87
0.0,0.0,35.0,0,3650.0,328.1,0.1,0,1999,25_80
0.0,0.0,35.0,0,3650.0,419.1,0.36,0,1993,12_87
0.137,4.9,33.0,0,3650.0,18.5,0.36,0,1991,23_70
0.0,0.0,35.0,0,3650.0,1610.0,0.16,0,2012,8_71
0.076,5.8,19.0,0,3650.0,46.9,0.24,0,2022,22_90
0.066,5.0,19.6,1,3650.0,286.0,0.16,0,2000,20_70
2.324,6.1,58.5,2,3650.0,21.4,0.36,0,2015,36_77
1.684,6.9,22.5,0,3650.0,48.8,0.36,0,2021,33_95
0.241,5.1,33.0,0,3650.0,61.1,0.36,0,2024,26_87
0.0,0.0,35.0,0,3650.0,445.8,0.1,0,1976,21_86
0.494,5.2,32.7,0,3650.0,62.2,0.36,0,2024,28_92
0.0,0.0,35.0,0,3650.0,1139.6,0.16,0,1979,13_73
0.0,0.0,35.0,0,3650.0,1141.1,0.1,0,2018,15_78
2.336,6.4,15.5,1,3650.0,9.1,0.36,0,2022,37_95
0.428,5.6,40.6,0,3650.0,30.8,0.36,0,2016,18_94
0.122,6.0,21.2,0,3650.0,10.9,0.24,0,2011,37_92
0.021,5.4,74.0,0,3650.0,95.9,0.36,0,2018,7_97
0.0,0.0,35.0,0,3650.0,88.7,0.36,0,1970,29_93
0.0,0.0,35.0,0,3650.0,1236.0,0.16,0,2018,12_72
0.076,5.9,24.0,0,3650.0,50.3,0.36,0,2009,17_97
0.0,0.0,35.0,0,3650.0,192.7,0.36,0,1982,13_90
0.0,0.0,35.0,0,3650.0,888.4,0.24,0,1975,15_72
3.171,6.2,39.9,1,3650.0,19.7,0.36,0,1995,35_72
0.0,0.0,35.0,0,3650.0,749.7,0.16,0,2004,15_85
0.0,0.0,35.0,0,3650.0,1137.8,0.1,0,2021,6_81
0.018,4.0,15.0,0,3650.0,280.7,0.16,0,2024,28_72
2.146,7.7,11.2,0,3650.0,45.6,0.24,0,2020,23_70
0.053,5.3,31.1,0,3650.0,53.6,0.24,0,2007,21_90
0.0,0.0,35.0,0,3650.0,838.2,0.1,0,1977,18_77
0.0,0.0,35.0,0,3650.0,1378.7,0.16,0,2001,11_72
0.0,0.0,35.0,0,3650.0,816.1,0.16,0,2008,16_85
0.0,0.0,35.0,0,3650.0,6.6,0.24,0,1977,36_91
0.022,4.8,33.0,0,3650.0,281.5,0.16,0,2015,24_84
0.035,5.0,33.0,0,3650.0,517.7,0.1,0,1998,16_88
0.0,0.0,35.0,0,3650.0,810.0,0.16,0,1975,17_76
0.314,5.1,64.6,0,3650.0,21.0,0.24,0,1995,34_77
0.649,5.41,24.8,0,3650.0,37.3,0.36,0,1977,27_85
0.0,0.0,35.0,0,3650.0,578.2,0.36,0,1979,6_86
2.406,5.6,45.1,1,1029,151.5,0.36,0,1980,12_93
0.018,4.8,33.0,0,3650.0,192.7,0.24,0,2025,25_85
1.234,5.5,11.2,0,2774,116.9,0.24,0,2013,22_70
0.743,5.2,34.0,0,3650.0,9.6,0.24,0,2001,32_85
0.0,0.0,35.0,0,3650.0,1817.1,0.16,0,2013,7_71
0.0,0.0,35.0,0,3650.0,12.5,0.24,0,1975,33_82
0.291,6.1,26.6,0,3650.0,31.5,0.36,0,2021,17_96
1.377,6.1,54.2,0,3650.0,28.1,0.36,0,1999,36_77
0.0,0.0,35.0,0,3650.0,849.9,0.1,0,1978,20_78
0.0,0.0,35.0,0,3650.0,758.3,0.24,0,1986,16_72
5.224,5.8,96.1,0,3650.0,57.3,0.36,0,2016,37_73
0.0,0.0,35.0,0,3650.0,1002.0,0.1,0,1989,7_82
0.0,0.0,35.0,0,3650.0,362.8,0.1,0,2020,21_87
0.498,5.13,43.5,0,3650.0,11.3,0.24,0,1976,33_73
9.841,6.6,71.9,4,3237,8.5,0.36,1,2015,37_69
0.046,4.6,31.5,0,3650.0,138.4,0.36,0,2013,12_90
