rainfall_mm_72h,river_discharge_m3s,elevation_m,historical_flood_density,monsoon_month,label,year,grid_cell
29.7,5.03,3913.0,0.0,1,2,2010,33_76
2.1,2.95,3498.0,0.0,1,1,2010,35_68
12.6,0.31,499.0,0.0,1,2,2010,33_73
47.1,5.47,4562.0,0.0,1,1,2010,28_84
124.4,4.57,45.0,0.0,1,1,2010,25_86
71.9,28.85,10.0,0.0,1,1,2010,24_90
15.4,1.86,203.0,0.0,1,1,2010,30_74
0.0,0.33,3629.0,0.0,1,1,2010,36_72
104.9,0.12,332.0,0.0,1,1,2010,22_94
0.9,0.0,140.0,0.0,0,1,2010,15_79
112.0,129.02,74.0,0.0,0,2,2010,26_93
58.6,11.59,1367.0,1.5,0,1,2010,6_80
14.4,0.53,4235.0,0.0,0,1,2010,35_73
89.4,10.19,49.0,0.0,0,2,2010,26_91
0.0,0.0,0.0,0.5,0,1,2010,22_89
36.7,5259.17,94.0,0.5,0,1,2010,27_94
34.6,1.89,36.0,0.5,0,1,2009,8_81
37.2,56.15,22.0,0.5,0,1,2009,7_79
0.3,0.02,288.0,0.0,0,2,2009,11_77
17.6,1.95,2490.0,0.0,0,2,2009,29_80
4.6,0.9,318.0,0.0,1,2,2009,15_78
29.8,11.33,25.0,0.0,1,2,2009,25_88
127.5,16.78,1733.0,0.0,1,1,2009,27_88
21.3,8.98,86.0,1.0,1,1,2009,26_94
80.0,1.92,142.0,0.0,1,1,2009,27_80
26.6,0.05,109.0,0.5,1,1,2009,8_80
3.2,6590.74,275.0,0.0,1,2,2009,33_72
32.3,8.86,64.0,0.0,1,2,2009,26_85
48.6,37.28,3111.0,0.0,1,1,2009,28_85
65.8,4.2,534.0,0.0,1,1,2009,15_74
57.0,0.02,215.0,0.0,1,1,2009,20_84
89.6,24.64,1892.0,0.0,1,1,2009,27_93
127.8,8.38,22.0,0.0,1,1,2009,25_89
113.0,1.0,0.0,0.5,0,2,2009,22_89
44.1,1.89,97.0,0.5,0,2,2008,8_80
78.9,2.61,2914.0,0.0,1,2,2008,30_78
16.1,15.29,146.0,0.0,1,2,2008,20_84
106.4,5.58,89.0,1.0,1,2,2008,27_94
41.2,10.27,80.0,0.0,1,2,2008,26_84
11.8,0.17,156.0,0.0,1,2,2008,30_72
71.9,4.35,6.0,0.0,1,2,2008,16_81
18.1,0.39,356.0,0.5,1,2,2008,33_71
56.4,11.59,2158.0,0.0,1,2,2008,27_89
45.9,9.05,58.0,0.5,1,2,2008,25_90
63.0,8.23,30.0,0.5,1,1,2008,25_90
79.1,3.25,83.0,0.0,1,2,2008,25_91
5.5,28.85,672.0,0.5,0,2,2008,7_80
64.2,35.06,611.0,1.0,0,1,2008,26_93
196.4,17.66,8.0,0.5,0,2,2008,16_95
80.2,43.26,32.0,1.0,0,1,2008,6_80
73.6,32.42,87.0,0.0,0,1,2008,10_78
84.1,42.55,164.0,0.0,0,1,2008,7_80
41.8,15.37,15.0,0.5,0,1,2008,6_81
50.3,2.77,56.0,0.5,0,1,2007,7_81
82.0,14.28,6.0,0.0,0,1,2007,22_90
23.7,48.66,78.0,0.0,0,1,2007,12_79
39.4,1.31,782.0,0.0,0,2,2007,24_93
77.1,61.81,14.0,0.0,1,1,2007,20_86
61.8,17.62,57.0,0.0,1,1,2007,15_79
27.6,2.4,10.0,0.0,1,1,2007,16_95
7.8,486.53,1698.0,0.0,1,1,2007,35_74
91.5,0.2,329.0,0.0,1,1,2007,31_76
11.1,0.0,22.0,0.0,1,1,2007,26_68
97.3,69.96,67.0,0.5,1,1,2007,22_70
15.7,4763.31,8.0,0.0,1,1,2007,20_86
124.7,5.05,1124.0,0.0,1,1,2007,27_84
201.7,3.41,21.0,0.0,1,1,2007,23_91
56.6,10.32,13.0,0.5,1,1,2007,10_76
44.7,5469.16,116.0,0.0,1,1,2007,27_95
79.3,101.09,53.0,1.0,1,1,2007,18_95
51.7,7.07,10.0,0.0,1,2,2007,22_88
89.6,0.0,0.0,0.0,1,1,2007,22_72
122.8,0.44,308.0,0.0,1,1,2007,21_77
157.8,9.57,628.0,0.0,1,1,2007,20_81
38.4,1.72,350.0,0.5,1,1,2007,34_71
24.1,2.44,3385.0,0.0,1,1,2007,35_71
63.5,0.03,406.0,0.0,1,1,2007,14_78
156.7,10.61,120.0,1.0,1,1,2007,26_94
8.2,0.16,2138.0,0.0,1,1,2007,34_72
81.9,0.09,163.0,0.5,1,1,2007,26_85
41.4,1.56,6.0,0.0,1,1,2007,22_91
3.1,0.56,3866.0,0.0,0,1,2007,36_70
9.8,0.0,542.0,0.5,0,1,2007,36_68
83.2,24.29,25.0,0.5,0,1,2007,16_96
19.9,5.15,16.0,0.5,0,1,2007,6_80
12.5,9.45,2330.0,0.0,0,1,2007,37_70
0.1,0.09,2581.0,0.0,0,1,2007,35_69
45.6,2.62,1761.0,0.0,0,1,2007,33_74
16.7,0.72,499.0,0.5,0,1,2007,6_80
129.6,47.53,57.0,0.5,0,1,2006,6_81
20.5,4.75,569.0,0.0,0,1,2006,34_70
57.3,0.92,8.0,0.0,0,1,2006,14_79
222.2,464.59,36.0,0.5,0,1,2006,7_80
31.9,2.29,147.0,0.0,1,1,2006,19_95
85.9,2.66,788.0,0.5,1,1,2006,27_85
30.3,7.61,473.0,0.0,1,1,2006,19_83
13.7,11.27,6.0,0.0,1,1,2006,23_89
3.6,0.49,322.0,0.0,1,1,2006,32_73
54.7,11.74,117.0,0.0,1,1,2006,27_81
154.6,1131.4,370.0,0.0,1,2,2006,28_81
17.6,2.22,126.0,0.0,1,1,2006,18_81
9.7,0.16,3224.0,0.0,1,1,2006,34_69
73.6,33.67,630.0,0.0,1,2,2006,20_73
28.8,3.59,1965.0,0.0,1,1,2006,34_73
105.5,48.55,90.0,1.0,1,1,2006,18_95
7.6,1.33,2294.0,0.0,1,1,2006,35_74
0.5,0.0,1311.0,0.0,1,1,2006,33_69
11.5,0.09,162.0,0.5,1,1,2006,22_71
127.2,9.19,9.0,0.0,1,1,2006,19_72
141.1,6.6,210.0,0.0,1,1,2006,19_83
22.2,16.42,2401.0,0.0,1,1,2006,35_72
6.7,0.0,2173.0,0.5,1,1,2006,35_69
0.4,725.11,61.0,0.0,1,1,2006,25_83
91.8,45.77,100.0,1.5,0,1,2006,26_94
38.9,12.96,0.0,0.5,0,2,2006,10_76
12.7,0.31,582.0,0.0,0,1,2006,18_75
213.6,29.76,263.0,1.0,0,1,2006,18_94
1.9,2.0,1449.0,0.0,0,1,2006,28_83
0.0,8.46,10.0,0.0,0,1,2006,17_82
39.1,0.07,3913.0,0.0,0,0,2009,33_76
4.1,0.0,3498.0,0.0,0,0,2006,35_68
1.9,0.03,499.0,0.0,1,0,2006,33_73
2.5,2.09,4562.0,0.0,1,0,2010,28_84
0.0,1.0,45.0,0.0,0,0,2007,25_86
23.7,22.82,10.0,0.0,1,1,2007,24_90
7.2,0.42,203.0,0.0,1,0,2007,30_74
0.8,0.0,3629.0,0.0,0,0,2007,36_72
21.4,0.69,332.0,0.0,0,0,2006,22_94
0.1,0.0,140.0,0.0,0,0,2010,15_79
9.0,7.75,74.0,0.0,0,1,2009,26_93
1.2,5.24,1367.0,1.5,0,1,2006,6_80
3.1,0.06,4235.0,0.0,1,0,2009,35_73
25.5,17.75,49.0,0.0,1,1,2008,26_91
7.4,227.56,0.0,0.5,1,1,2006,22_89
33.6,19452.6,94.0,0.5,1,1,2006,27_94
15.5,0.13,36.0,0.5,0,0,2006,8_81
21.0,40.78,22.0,0.5,1,1,2007,7_79
29.6,0.06,288.0,0.0,1,0,2007,11_77
26.7,0.66,2490.0,0.0,0,0,2009,29_80
1.6,0.03,318.0,0.0,1,0,2006,15_78
3.3,1.47,25.0,0.0,1,0,2009,25_88
13.2,2.37,1733.0,0.0,0,0,2007,27_88
159.2,36.07,86.0,1.0,0,1,2010,26_94
0.0,0.45,142.0,0.0,0,0,2009,27_80
0.0,0.03,109.0,0.5,0,0,2010,8_80
36.3,947.42,275.0,0.0,0,1,2009,33_72
53.1,4.69,64.0,0.0,1,1,2008,26_85
37.8,30.19,3111.0,0.0,1,1,2007,28_85
1.5,0.05,534.0,0.0,0,0,2008,15_74
1.6,0.19,215.0,0.0,0,0,2007,20_84
19.6,9.94,1892.0,0.0,0,1,2006,27_93
4.9,8.68,22.0,0.0,1,1,2010,25_89
0.0,0.0,0.0,0.5,0,0,2007,22_89
0.9,0.78,97.0,0.5,0,0,2010,8_80
0.0,0.5,2914.0,0.0,0,0,2008,30_78
0.4,2.66,146.0,0.0,0,0,2007,20_84
15.5,0.14,89.0,1.0,0,0,2007,27_94
25.8,6.55,80.0,0.0,1,1,2010,26_84
0.0,0.03,156.0,0.0,0,0,2008,30_72
23.5,12.68,6.0,0.0,0,1,2006,16_81
2.3,0.07,356.0,0.5,0,0,2006,33_71
20.1,3.75,2158.0,0.0,1,0,2008,27_89
0.0,4.79,58.0,0.5,0,1,2006,25_90
14.4,3.25,30.0,0.5,0,0,2008,25_90
3.5,1.0,83.0,0.0,0,0,2008,25_91
17.0,17.66,672.0,0.5,1,1,2009,7_80
36.4,29.69,611.0,1.0,0,1,2007,26_93
56.9,5.52,8.0,0.5,1,1,2006,16_95
80.2,21.65,32.0,1.0,0,1,2008,6_80
3.4,0.47,87.0,0.0,0,0,2009,10_78
6.3,39.46,164.0,0.0,0,1,2006,7_80
5.1,2.6,15.0,0.5,0,0,2008,6_81
27.0,0.16,56.0,0.5,1,0,2006,7_81
17.8,4.47,6.0,0.0,0,1,2009,22_90
7.8,2.89,78.0,0.0,0,0,2007,12_79
1.3,0.42,782.0,0.0,0,0,2009,24_93
95.7,60.52,14.0,0.0,0,1,2009,20_86
0.0,0.06,57.0,0.0,0,0,2008,15_79
38.5,3.97,10.0,0.0,1,0,2009,16_95
0.0,48.89,1698.0,0.0,0,1,2007,35_74
0.0,0.0,329.0,0.0,0,0,2010,31_76
0.0,0.03,22.0,0.0,1,0,2006,26_68
0.0,0.12,67.0,0.5,0,0,2009,22_70
0.1,1085.43,8.0,0.0,0,1,2007,20_86
46.6,2.56,1124.0,0.0,1,0,2006,27_84
1.6,0.77,21.0,0.0,0,0,2006,23_91
41.7,2.97,13.0,0.5,1,0,2008,10_76
0.4,1110.73,116.0,0.0,0,1,2007,27_95
25.1,51.72,53.0,1.0,0,1,2008,18_95
3.0,0.12,10.0,0.0,0,0,2009,22_88
0.1,0.0,0.0,0.0,0,0,2008,22_72
1.8,0.0,308.0,0.0,0,0,2007,21_77
0.0,0.0,628.0,0.0,0,0,2008,20_81
7.0,0.16,350.0,0.5,0,0,2008,34_71
0.0,0.03,3385.0,0.0,0,0,2010,35_71
0.3,0.58,406.0,0.0,0,0,2007,14_78
0.0,0.03,120.0,1.0,0,0,2010,26_94
2.3,0.19,2138.0,0.0,0,0,2010,34_72
0.0,0.14,163.0,0.5,0,0,2009,26_85
0.8,3.49,6.0,0.0,1,0,2006,22_91
3.4,1.59,3866.0,0.0,1,0,2009,36_70
0.0,0.0,542.0,0.5,0,0,2009,36_68
0.1,0.09,25.0,0.5,0,0,2007,16_96
25.6,3.69,16.0,0.5,0,0,2009,6_80
30.2,38.17,2330.0,0.0,0,1,2010,37_70
0.0,3.85,2581.0,0.0,1,0,2007,35_69
1.8,0.49,1761.0,0.0,0,0,2008,33_74
7.8,0.63,499.0,0.5,0,0,2008,6_80
24.9,9.12,57.0,0.5,0,1,2007,6_81
0.0,2.6,569.0,0.0,0,0,2009,34_70
0.0,0.0,8.0,0.0,0,0,2010,14_79
21.1,26.73,36.0,0.5,0,1,2009,7_80
46.4,4.37,147.0,0.0,1,0,2007,19_95
0.0,0.03,788.0,0.5,0,0,2010,27_85
0.0,0.63,473.0,0.0,0,0,2008,19_83
17.5,9.28,6.0,0.0,1,1,2010,23_89
5.8,0.09,322.0,0.0,1,0,2007,32_73
0.0,2.53,117.0,0.0,1,0,2006,27_81
1.4,57.75,370.0,0.0,0,1,2008,28_81
5.1,0.23,126.0,0.0,1,0,2008,18_81
0.0,0.1,3224.0,0.0,0,0,2007,34_69
22.1,118.4,630.0,0.0,1,1,2006,20_73
0.3,4.46,1965.0,0.0,1,0,2007,34_73
43.0,7.15,90.0,1.0,1,1,2009,18_95
2.6,0.25,2294.0,0.0,0,0,2010,35_74
1.5,0.25,1311.0,0.0,0,0,2008,33_69
47.3,0.25,162.0,0.5,1,0,2007,22_71
0.0,0.81,9.0,0.0,0,0,2009,19_72
0.0,0.37,210.0,0.0,0,0,2009,19_83
6.9,16.22,2401.0,0.0,1,1,2008,35_72
0.0,0.0,2173.0,0.5,0,0,2009,35_69
0.0,1512.56,61.0,0.0,0,1,2008,25_83
2.6,1.36,100.0,1.5,0,0,2007,26_94
5.4,30.55,0.0,0.5,0,1,2007,10_76
0.0,0.09,582.0,0.0,0,0,2007,18_75
28.7,8.91,263.0,1.0,1,1,2007,18_94
60.4,3.33,1449.0,0.0,1,0,2010,28_83
6.7,1.03,10.0,0.0,1,0,2009,17_82
0.0,0.0,4566.0,0.0,0,0,2010,35_78
39.5,0.06,77.0,0.0,1,0,2009,25_83
12.4,0.63,4773.0,0.0,1,0,2008,33_96
3.3,0.03,191.0,0.0,1,0,2008,32_71
25.3,23.72,75.0,0.0,1,1,2009,25_82
51.9,6.06,1250.0,0.0,1,1,2009,26_97
10.4,1.34,279.0,0.0,1,0,2006,26_87
0.0,0.11,129.0,0.5,0,0,2006,27_80
0.3,0.08,4776.0,0.0,1,0,2006,32_91
10.9,0.28,3332.0,0.5,0,0,2010,33_75
0.0,0.03,276.0,0.0,0,0,2010,27_76
0.0,0.52,290.0,0.0,0,0,2006,21_80
0.0,0.0,4589.0,0.0,0,0,2008,29_84
0.0,0.12,162.0,0.0,0,0,2006,25_72
0.0,0.17,4626.0,0.0,0,0,2006,34_96
0.0,0.59,5098.0,0.0,0,0,2008,35_88
0.7,0.0,4359.0,0.0,0,0,2010,32_79
49.9,261.42,8.0,0.0,1,1,2008,19_85
0.4,10.22,4491.0,0.0,0,1,2008,34_77
17.5,0.25,3597.0,0.0,0,0,2010,28_96
33.6,0.03,574.0,0.0,0,0,2008,14_76
0.8,0.02,4418.0,0.0,1,0,2006,31_79
1.3,0.0,5059.0,0.0,0,0,2009,33_82
3.6,0.0,4888.0,0.0,0,0,2007,35_85
55.7,7.51,130.0,0.0,1,1,2007,12_75
3.5,0.21,4707.0,0.0,1,0,2006,35_92
0.0,0.03,624.0,0.0,0,0,2008,21_78
3.5,1.78,4737.0,0.5,1,0,2009,36_72
0.0,0.42,230.0,0.0,0,0,2008,27_76
4.0,0.0,4826.0,0.0,1,0,2010,36_77
14.3,0.09,4405.0,0.0,0,0,2009,29_82
0.0,0.41,32.0,0.0,0,0,2009,25_89
0.0,0.35,688.0,0.0,1,0,2009,31_70
0.0,0.0,23.0,0.5,0,0,2006,25_68
6.9,0.26,4829.0,0.0,0,0,2006,31_86
4.2,0.75,4703.0,0.0,1,0,2007,34_94
0.0,0.0,1810.0,0.0,0,0,2007,31_69
0.0,0.87,296.0,0.0,0,0,2007,22_81
0.9,0.28,359.0,0.0,1,0,2008,18_78
0.0,0.06,146.0,0.0,0,0,2008,28_81
0.0,0.25,229.0,0.0,0,0,2008,32_74
10.8,5.24,777.0,0.0,1,1,2008,13_76
0.0,0.12,366.0,0.0,0,0,2007,26_95
0.6,0.0,5078.0,0.0,1,0,2007,33_91
6.4,2.53,21.0,0.5,0,0,2007,25_89
46.9,4.04,752.0,0.0,0,0,2006,13_75
0.0,0.02,4743.0,0.0,0,0,2007,32_83
0.0,0.05,220.0,0.0,0,0,2007,29_75
18.9,2.25,556.0,0.0,1,0,2006,24_83
0.0,0.05,405.0,0.0,0,0,2008,18_80
0.0,0.11,266.0,0.0,0,0,2006,24_84
0.0,0.16,780.0,0.0,0,0,2010,31_76
2.5,0.77,1796.0,0.5,0,0,2006,28_81
0.0,1.36,697.0,0.5,0,0,2008,27_84
1.2,0.02,335.0,0.0,1,0,2008,25_75
6.3,0.72,2692.0,0.0,0,0,2009,27_91
5.2,0.03,443.0,0.0,1,0,2008,27_75
66.5,3.99,1402.0,0.0,0,0,2009,25_91
9.4,5.52,110.0,0.5,1,1,2009,27_81
0.0,0.66,2944.0,0.0,0,0,2009,29_81
2.7,0.0,5047.0,0.0,0,0,2006,32_82
39.2,1.77,104.0,0.0,0,0,2008,23_92
0.0,0.02,89.0,0.0,0,0,2009,21_71
0.3,0.06,4133.0,0.0,0,0,2009,31_96
27.6,1.06,557.0,0.0,1,0,2007,22_83
17.5,48.43,691.0,0.0,1,1,2007,22_96
7.2,1.03,3998.0,0.0,0,0,2008,31_97
30.7,0.0,4560.0,0.5,0,0,2008,28_85
0.0,0.0,31.0,0.0,1,0,2008,25_69
0.0,0.02,490.0,0.0,0,0,2008,16_78
0.0,0.0,578.0,0.0,0,0,2008,16_75
0.0,0.47,226.0,0.5,0,0,2006,18_81
0.0,0.0,346.0,0.0,0,0,2007,22_82
2.6,5.24,5076.0,0.0,1,1,2008,33_81
1.2,0.02,771.0,0.0,1,0,2009,21_74
64.8,0.66,403.0,0.0,1,0,2007,24_82
18.6,0.34,5025.0,0.0,1,0,2008,30_87
9.7,39.74,4781.0,0.0,1,1,2006,30_93
3.2,2.34,185.0,0.0,1,0,2009,22_95
0.0,0.0,416.0,0.0,0,0,2010,24_76
0.2,0.22,3834.0,0.5,0,0,2009,28_84
0.7,1.5,1302.0,0.5,0,0,2010,33_69
0.0,0.08,4745.0,0.0,0,0,2006,33_94
1.4,0.25,247.0,0.0,0,0,2007,31_75
2.0,0.0,1738.0,0.5,0,0,2007,35_70
0.0,0.11,16.0,0.0,0,0,2007,23_88
11.1,1.09,114.0,0.0,1,0,2010,23_86
7.8,0.0,2842.0,0.0,0,0,2008,36_78
0.0,0.61,4384.0,0.0,0,0,2010,27_92
4.4,2.09,5123.0,0.0,1,0,2010,34_85
0.6,155.68,512.0,0.0,1,1,2008,16_76
23.1,1.38,4181.0,0.0,1,0,2009,28_97
5.3,7.18,4395.0,0.0,1,1,2009,34_97
0.0,0.0,6021.0,0.0,0,0,2010,36_78
12.4,0.1,331.0,0.0,1,0,2007,24_72
2.4,0.0,4731.0,0.0,0,0,2008,34_94
6.7,6.8,4975.0,0.0,1,1,2007,34_83
16.0,20.63,510.0,0.5,0,1,2006,14_74
0.0,0.02,5.0,0.0,0,0,2008,16_95
0.1,0.0,134.0,0.0,1,0,2006,28_71
20.0,0.03,167.0,0.0,1,0,2006,16_79
0.8,0.89,243.0,0.0,1,0,2006,29_77
0.0,0.0,425.0,0.0,0,0,2009,20_78
0.3,0.06,4534.0,0.0,0,0,2009,28_91
0.0,1.3,67.0,0.0,0,0,2010,26_92
0.0,0.09,83.0,0.0,0,0,2009,26_92
0.0,0.51,98.0,0.0,0,0,2006,25_81
13.3,0.02,5718.0,0.0,1,0,2006,29_87
2.7,0.22,160.0,0.0,0,0,2007,14_79
0.1,0.75,4948.0,0.0,0,0,2009,29_89
14.0,6.18,3848.0,0.0,1,1,2010,30_94
0.0,0.0,16.0,0.0,0,0,2009,23_71
0.0,0.0,5470.0,0.0,0,0,2010,32_80
0.0,0.0,216.0,0.0,0,0,2008,29_75
27.8,994.41,3923.0,0.0,1,1,2009,29_93
9.9,1.53,1026.0,0.0,1,0,2009,18_97
0.0,0.09,380.0,0.0,0,0,2007,19_77
0.0,0.0,5345.0,0.0,0,0,2007,35_78
10.6,0.44,99.0,0.0,1,0,2009,22_92
26.6,0.12,1118.0,0.0,0,0,2008,27_83
0.0,0.0,4720.0,0.0,0,0,2009,33_79
12.5,0.92,4495.0,0.5,0,0,2009,35_72
0.0,0.0,572.0,0.0,0,0,2007,20_74
0.0,0.01,573.0,0.0,0,0,2006,15_75
79.9,0.08,3951.0,0.5,0,0,2008,35_73
0.5,0.03,756.0,0.0,1,0,2006,22_81
0.0,0.0,4563.0,0.0,0,0,2010,31_88
4.8,0.0,447.0,0.0,0,0,2006,24_75
18.1,0.09,449.0,0.0,1,0,2008,27_76
14.3,0.09,5100.0,0.0,1,0,2006,35_96
0.5,0.22,109.0,0.0,0,0,2009,25_81
0.0,9.94,324.0,0.5,0,1,2007,15_77
1.8,1.58,4352.0,0.0,1,0,2007,31_97
0.0,0.58,173.0,0.0,0,0,2008,28_80
1.1,0.39,3404.0,0.0,0,0,2006,35_75
0.0,0.0,269.0,0.0,0,0,2008,26_71
0.8,0.19,570.0,0.5,0,0,2007,20_73
6.4,0.0,5055.0,0.0,0,0,2008,30_89
64.5,179.72,18.0,0.5,1,1,2007,19_73
2.8,0.0,1120.0,0.0,0,0,2006,30_69
0.5,1131.4,504.0,1.0,0,1,2010,33_72
0.6,0.28,0.0,0.0,0,0,2008,9_79
24.0,10.43,4995.0,0.0,1,1,2006,36_90
2.2,12.9,5620.0,0.0,1,1,2009,32_77
0.0,0.03,195.0,0.0,0,0,2009,12_92
2.7,1.01,588.0,0.0,1,0,2009,19_82
4.4,0.0,4555.0,0.0,0,0,2008,31_97
47.5,1.06,28.0,0.5,0,0,2006,25_89
78.5,0.37,364.0,0.0,1,0,2007,27_82
19.6,0.77,4.0,0.5,1,0,2010,22_90
0.6,0.41,5053.0,0.0,1,0,2008,32_80
5.1,0.0,1212.0,0.0,0,0,2010,29_68
0.0,0.09,233.0,0.0,0,0,2009,24_74
0.0,0.17,4607.0,0.0,1,0,2006,33_78
2.8,0.44,4122.0,0.0,0,0,2010,27_91
4.5,1.56,4656.0,0.0,1,0,2006,32_92
0.0,0.01,11.0,0.0,0,0,2006,24_70
22.1,2.18,67.0,0.0,0,0,2006,26_88
0.0,0.0,4761.0,0.0,1,0,2009,33_83
0.0,0.34,512.0,0.0,0,0,2009,17_97
0.0,0.05,466.0,0.0,0,0,2006,23_81
0.0,0.11,227.0,0.5,0,0,2006,25_91
0.0,2.89,437.0,0.0,0,0,2006,23_77
0.0,0.0,684.0,0.0,0,0,2009,20_75
0.5,0.0,499.0,0.0,0,0,2008,14_79
14.6,1.42,221.0,0.0,1,0,2008,19_94
0.0,0.25,2297.0,0.0,0,0,2007,28_95
