event_id,began,ended,country,latitude,longitude,dead,displaced,main_cause,severity,magnitude
3700.000000,20100806,20100808,India,33.53,76.12,150.000000,180.000000,Torrential Rain,11.500000,6.699187
3697.000000,20100727,20100803,Afghanistan,35.21,68.86,65.000000,180.000000,Torrential Rain,1.000000,6.150572
3696.000000,20100727,20100811,Pakistan,33.36,73.26,1600.000000,14000000.000000,Monsoonal Rain,2.000000,6.618090
3690.000000,20100725,20100725,Nepal,28.35,84.78,12.000000,0.000000,Heavy Rain,1.000000,5.122544
3682.000000,20100712,20100714,India,25.59,86.2,0.000000,5000.000000,Monsoonal Rain,1.000000,5.762003
3679.000000,20100701,20100713,Bangladesh,24.0,90.03,0.000000,600000.000000,Monsoonal Rain,1.000000,5.511710
3674.000000,20100705,20100715,India,30.19,74.78,98.000000,523000.000000,Monsoonal Rain,1.000000,6.209890
3666.000000,20100622,20100624,Pakistan,36.03,72.08,46.000000,0.000000,Torrential Rain,1.000000,4.446817
3662.000000,20100615,20100626,Myanmar,22.28,94.01,60.000000,0.000000,Monsoonal Rain,1.000000,6.056310
3652.000000,20100518,20100524,India,15.22,79.48,27.000000,50000.000000,,1.000000,5.645609
3650.000000,20100515,20100626,India,26.63,93.12,0.000000,10000.000000,Monsoonal Rain,1.500000,6.186319
3649.000000,20100508,20100523,Sri Lanka,6.83,80.59,20.000000,75000.000000,Heavy Rain,1.000000,5.487647
3647.000000,20100508,20100523,Pakistan,35.59,73.38,0.000000,0.000000,Heavy Rain,1.000000,5.030648
3636.000000,20100418,20100421,India,26.31,91.86,0.000000,300.000000,Heavy Rain,2.000000,5.032458
3633.000000,20100327,20100407,Bangladesh,22.15,89.5,104.000000,0.000000,Heavy Rain,1.000000,4.928170
3626.000000,20100324,20100326,India,27.25,94.61,0.000000,0.000000,Monsoon Rain,1.000000,6.483587
3582.000000,20091214,20091216,Sri Lanka,8.02,81.27,0.000000,300000.000000,Torrential Rain,1.000000,4.671636
3576.000000,20091121,20091122,Sri Lanka,7.07,79.94,0.000000,60000.000000,Torrential Rain,1.000000,3.264771
3566.000000,20091103,20091108,India,11.47,77.85,70.000000,0.000000,Torrential Rain,1.500000,5.507276
3553.000000,20091004,20091012,Nepal,29.81,80.76,45.000000,0.000000,Heavy Rain,2.000000,6.368212
3551.000000,20090925,20091012,India,15.71,78.23,303.000000,0.000000,Heavy Rain,2.000000,7.047244
3539.000000,20090906,20090910,India,25.53,88.06,0.000000,37000.000000,Dam release,2.000000,5.406540
3532.000000,20090816,20090822,Nepal,27.01,88.13,7.000000,6265.000000,Heavy Rain,1.000000,4.982452
3530.000000,20090818,20090827,India,26.82,94.14,0.000000,300000.000000,Monsoon Rain,1.000000,5.858778
3529.000000,20090815,20090827,India,27.63,80.75,14.000000,1000000.000000,Dam release and Heavy  Rain,1.000000,6.360271
3528.000000,20090815,20090816,Sri Lanka,8.38,80.63,0.000000,0.000000,Torrential Rain,1.000000,3.977175
3526.000000,20090815,20090817,Pakistan,33.92,72.25,27.000000,1200.000000,Torrential Rain,1.500000,5.138366
3519.000000,20090801,20090804,India,26.5,85.5,0.000000,3000.000000,Levee failure,1.500000,5.104487
3516.000000,20090726,20090728,Nepal,28.0,85.71,22.000000,0.000000,Monsoon Rains,1.000000,4.749659
3504.000000,20090711,20090717,India,15.31,74.73,0.000000,0.000000,Heavy Rain,1.000000,5.648692
3500.000000,20090712,20090721,India,20.22,84.77,33.000000,0.000000,Heavy Rain,1.000000,5.999479
3496.000000,20090701,20090708,India,27.48,93.82,0.000000,500000.000000,Heavy Rain,1.000000,6.013680
3495.000000,20090703,20090706,Bangladesh,25.26,89.09,6.000000,0.000000,Torrential Rain,1.000000,5.292522
3485.000000,20090525,20090526,Bangladesh,22.16,89.09,115.000000,20000.000000,Tropical Storm,1.500000,4.921478
3413.000000,20081122,20081204,Sri Lanka,8.57,80.8,61.000000,171000.000000,Tropical Cyclone,2.000000,6.429494
3383.000000,20080922,20080929,Nepal,30.52,78.94,49.000000,13000.000000,Monsoonal Rain,2.000000,6.429688
3382.000000,20080922,20080929,India,20.95,84.41,2400.000000,0.000000,Dam release and Heavy  Rain,2.000000,6.870919
3372.000000,20080830,20080908,India,27.044,94.55,900.000000,1000000.000000,Monsoon Rains,1.500000,6.082372
3371.000000,20080830,20080908,Bangladesh,21.02,90.21,0.000000,600000.000000,Monsoon Rains,1.500000,5.948780
3365.000000,20080818,20080924,Nepal,26.951,84.923,400.000000,10000000.000000,Heavy monsoon rains,2.000000,7.094862
3359.000000,20080809,20080820,Pakistan,30.74,72.63,37.000000,90752.000000,Heavy monsoon rains,1.500000,6.475119
3356.000000,20080805,20080811,India,16.65,81.38,74.000000,0.000000,Heavy monsoon rains,1.500000,5.899079
3347.000000,20080802,20080804,Pakistan,33.92,71.7,35.000000,200000.000000,Torrential rain,2.000000,6.812780
3338.000000,20080720,20080808,India,27.5,89.79,142.000000,225000.000000,monsoonal rainfall,2.000000,7.055072
3327.000000,20080705,20080714,India,25.241,90.12,350.000000,70000.000000,Monsoon Rain,1.500000,6.806010
3322.000000,20080620,20080622,Bangladesh,25.216,90.116,0.000000,15000.000000,"Levee failure, early monsoonal rains",1.000000,5.236109
3319.000000,20080611,20080703,India,25.183,91.542,65.000000,500000.000000,,1.500000,7.082631
3314.000000,20080529,20080605,Sri Lanka,7.18,80.77,23.000000,400000.000000,Monsoonal rain,1.500000,5.688455
3312.000000,20080524,20080528,India,26.4,93.75,0.000000,0.000000,Heavy rain,1.000000,5.498311
3303.000000,20080503,20080522,Burma (Myanmar),16.821377,95.971541,100000.000000,1500000.000000,Tropical cyclone,1.500000,6.375462
3300.000000,20080427,20080503,Sri Lanka,6.685302,80.417822,9.000000,18000.000000,Heavy rain,1.000000,4.538825
3287.000000,20080320,20080327,India,10.762039,78.717242,37.000000,10000.000000,Heavy rain,1.000000,6.062356
3285.000000,20080312,20080331,Sri Lanka,7.82654,80.817074,8.000000,174214.000000,Monsoonal rain,1.000000,5.936715
3255.000000,20080107,20080116,Sri Lanka,6.905842,81.75742,0.000000,240000.000000,Heavy rain,1.000000,4.283301
3243.000000,20071216,20080103,Sri Lanka,7.721921,81.39874,0.000000,250000.000000,Monsoonal rain,1.000000,5.179121
3226.000000,20071115,20071201,Bangladesh,22.610398,90.150761,3447.000000,3000000.000000,Tropical cyclone,1.000000,5.730685
3217.000000,20071027,20071101,India,12.725021,79.700186,29.000000,50000.000000,Heavy rain,1.000000,5.663173
3208.000000,20071017,20071024,India,24.721405,93.970474,2.000000,30000.000000,Heavy rain,1.500000,5.116209
3195.000000,20070922,20071008,India,20.909634,86.403285,80.000000,400000.000000,Heavy rain,1.000000,6.087842
3191.000000,20070916,20071007,India,15.706741,79.877978,94.000000,20000.000000,Monsoonal rain,1.000000,6.298014
3169.000000,20070814,20071004,Burma,16.962415,95.17279,2.000000,40000.000000,Monsoonal rain,1.000000,7.127286
3165.000000,20070812,20070814,Pakistan,35.951294,74.338164,22.000000,0.000000,Heavy rain,1.000000,4.695657
3164.000000,20070812,20070817,India,31.238835,76.526785,76.000000,15000.000000,Monsoonal rain,1.000000,6.060093
3162.000000,20070810,20070813,Pakistan,26.019152,68.825675,35.000000,0.000000,Monsoonal rain,1.000000,5.881042
3160.000000,20070808,20070815,India,22.682373,70.925042,12.000000,0.000000,Monsoonal rain,1.000000,6.029546
3150.000000,20070803,20070827,India,20.452499,86.19782,15.000000,20000.000000,Monsoonal rain,1.000000,5.584331
3143.000000,20070723,20071002,Nepal,27.777213,84.080127,185.000000,86000.000000,Monsoonal rain,1.000000,6.612597
3136.000000,20070721,20071015,Bangladesh,23.916419,91.233643,1071.000000,5000000.000000,Monsoonal rain,1.000000,7.118208
3131.000000,20070716,20070720,India,10.390597,76.311485,44.000000,35000.000000,Monsoonal rain,1.000000,5.081347
3128.000000,20070712,20071010,India,27.577302,95.262997,96.000000,11100000.000000,Monsoonal rain,1.000000,6.974401
3125.000000,20070706,20070801,Burma,18.52419,95.317389,0.000000,3000.000000,Monsoonal rain,1.000000,6.507276
3122.000000,20070703,20070922,India,22.63148,88.487108,958.000000,3000000.000000,Monsoonal rain,1.500000,7.774661
3120.000000,20070701,20070713,India,22.023056,72.24951,225.000000,63000.000000,Monsoonal rain,1.000000,6.714807
3119.000000,20070701,20070706,India,21.026348,77.523744,62.000000,10000.000000,Monsoonal rain,1.000000,5.805908
3118.000000,20070630,20070713,India,20.053869,81.860109,29.000000,50000.000000,Monsoonal rain,1.000000,6.526339
3116.000000,20070628,20070722,Pakistan,34.27492,71.869938,130.000000,2000.000000,Heavy rain,1.000000,5.866435
3109.000000,20070624,20070703,Afghanistan,35.278159,71.140741,113.000000,4000.000000,Heavy rain,1.000000,5.794767
3107.000000,20070622,20070704,India,14.944966,78.161545,127.000000,200000.000000,Monsoonal rain,1.000000,6.766480
3104.000000,20070618,20070626,India,26.255772,94.018895,15.000000,200000.000000,Monsoonal rain,1.000000,5.828666
3101.000000,20070616,20070620,Pakistan,34.97581,72.225824,22.000000,500.000000,Brief torrential rain,1.000000,4.782473
3100.000000,20070615,20070618,Nepal,26.948499,85.862693,0.000000,400.000000,Monsoonal rain,1.000000,4.034227
3097.000000,20070611,20070624,Bangladesh,22.397464,91.953546,126.000000,80000.000000,Monsoonal rain,1.000000,6.037163
3077.000000,20070514,20070518,Afghanistan,36.52466,70.600123,34.000000,0.000000,Heavy rain,1.000000,4.889021
3069.000000,20070505,20070507,Afghanistan,36.294888,68.851838,12.000000,0.000000,Heavy rain,1.000000,4.889582
3068.000000,20070504,20070509,Burma,16.908898,96.131258,5.000000,0.000000,Heavy rain,1.000000,4.973220
3067.000000,20070502,20070507,Sri Lanka,6.494672,80.082226,16.000000,125000.000000,Heavy rain,1.000000,4.301898
3061.000000,20070423,20070504,Afghanistan,37.006303,70.73155,36.000000,0.000000,Rain and snowmelt,1.000000,5.518356
3055.000000,20070417,20070418,Afghanistan,35.270227,69.668198,6.000000,0.000000,Rain and snowmelt,1.000000,4.911371
3042.000000,20070320,20070331,India,33.481934,74.215593,12.000000,2000.000000,Rain and snowmelt,1.000000,5.912328
3016.000000,20070112,20070116,Sri Lanka,6.706132,80.946642,18.000000,61281.000000,Monsoonal rain,1.000000,4.716838
3004.000000,20061217,20061220,Sri Lanka,6.844545,81.662316,0.000000,40000.000000,Heavy rain,1.000000,4.436481
2992.000000,20061110,20061112,Afghanistan,34.219935,70.790926,9.000000,0.000000,Heavy rain,1.000000,3.623249
2985.000000,20061026,20061104,India,14.134853,79.932432,47.000000,225000.000000,Monsoonal rain,1.000000,5.603036
2984.000000,20061026,20061120,Sri Lanka,7.323636,80.031266,52.000000,88000.000000,Monsoonal rain,1.000000,5.258829
2970.000000,20060915,20061019,Burma (Myanmar),19.812232,95.447771,25.000000,10000.000000,Monsoonal rain,1.000000,6.818226
2968.000000,20060925,20060928,Nepal,27.25728,85.943703,4.000000,0.000000,Monsoonal rain,1.000000,5.021024
2965.000000,20060918,20061005,India,19.729951,83.746589,250.000000,50000.000000,Monsoonal rain,1.000000,6.974604
2961.000000,20060824,20060920,Bangladesh,23.229479,89.272707,0.000000,0.000000,Monsoonal rain,1.000000,5.895555
2958.000000,20060831,20060911,India,32.886368,73.884164,39.000000,3000.000000,Monsoonal rain,1.000000,6.229631
2956.000000,20060829,20060904,India,27.585296,81.51737,42.000000,50000.000000,Monsoonal rain,1.000000,5.359646
2954.000000,20060826,20060913,Nepal,28.694093,81.305997,60.000000,80000.000000,Monsoonal rain,1.500000,5.627156
2940.000000,20060801,20060910,India,18.104598,81.52884,185.000000,2000000.000000,Monsoonal rain,1.000000,7.093940
2936.000000,20060730,20060809,Afghanistan,34.078869,69.7467,35.000000,0.000000,Heavy rain,1.000000,5.841904
2935.000000,20060728,20060912,India,20.194292,73.824174,457.000000,140000.000000,Monsoonal rain,1.500000,7.681336
2931.000000,20060724,20060822,Pakistan,34.609786,73.199799,248.000000,0.000000,Monsoonal rain,1.000000,6.738860
2918.000000,20060703,20060712,Burma (Myanmar),18.23,95.05,1.000000,0.000000,Monsoonal rain,1.000000,6.189490
2917.000000,20060711,20060712,Pakistan,35.27,74.16,4.000000,0.000000,Heavy rain,1.000000,2.963788
2916.000000,20060709,20060713,Pakistan,33.06,69.95,23.000000,50.000000,Heavy rain,1.000000,4.542825
2911.000000,20060704,20060707,India,22.41,71.31,24.000000,8400.000000,Heavy rain,1.000000,5.832764
2910.000000,20060703,20060706,India,19.1,72.88,9.000000,0.000000,Monsoonal rain,1.000000,3.193125
2909.000000,20060703,20060708,India,19.17,83.65,33.000000,0.000000,Monsoonal rain,1.000000,5.274527
2908.000000,20060703,20060704,Pakistan,35.35,72.62,22.000000,0.000000,Heavy rain,1.000000,3.456366
2907.000000,20060703,20060704,Afghanistan,35.95,69.13,7.000000,0.000000,Heavy rain,1.000000,3.496930
2894.000000,20060624,20060803,India,25.62,83.67,160.000000,0.000000,Monsoonal rain,1.000000,7.317449
2879.000000,20060531,20060724,India,26.6,94.02,21.000000,600000.000000,Monsoonal rain,1.000000,6.990783
2878.000000,20060525,20060602,India,10.54,76.05,32.000000,10800.000000,Monsoonal rain,1.500000,5.760660
2876.000000,20060531,20060604,India,18.73,75.23,41.000000,0.000000,Monsoonal rain,1.000000,6.296007
2859.000000,20060429,20060505,Burma (Myanmar),18.37,94.95,21.000000,800.000000,Tropical cyclone,1.000000,5.736580
2857.000000,20060506,20060507,Nepal,28.25,83.53,7.000000,0.000000,Heavy rain,1.000000,3.563481
2844.000000,20060415,20060418,India,17.43,82.81,20.000000,0.000000,Heavy rain,1.000000,5.882866
